"Domain"	"Country"	"Item"	"Element"	"Year"	"Value"
"Livestock Primary"	"Afghanistan"	"Meat indigenous, chicken"	"Production (1000 Head)"	2011	"27280.0"
"Livestock Primary"	"Afghanistan"	"Meat, chicken"	"Producing Animals/Slaughtered (1000 Head)"	2011	"32000.0"
"Livestock Primary"	"Albania"	"Meat indigenous, chicken"	"Production (1000 Head)"	2011	"15799.0"
"Livestock Primary"	"Albania"	"Meat, chicken"	"Producing Animals/Slaughtered (1000 Head)"	2011	"22700.0"
"Livestock Primary"	"Algeria"	"Meat indigenous, chicken"	"Production (1000 Head)"	2011	"251789.0"
"Livestock Primary"	"Algeria"	"Meat, chicken"	"Producing Animals/Slaughtered (1000 Head)"	2011	"256000.0"
"Livestock Primary"	"American Samoa"	"Meat indigenous, chicken"	"Production (1000 Head)"	2011	"30.0"
"Livestock Primary"	"American Samoa"	"Meat, chicken"	"Producing Animals/Slaughtered (1000 Head)"	2011	"30.0"
"Livestock Primary"	"Angola"	"Meat indigenous, chicken"	"Production (1000 Head)"	2011	"24735.0"
"Livestock Primary"	"Angola"	"Meat, chicken"	"Producing Animals/Slaughtered (1000 Head)"	2011	"25000.0"
"Livestock Primary"	"Antigua and Barbuda"	"Meat indigenous, chicken"	"Production (1000 Head)"	2011	"279.0"
"Livestock Primary"	"Antigua and Barbuda"	"Meat, chicken"	"Producing Animals/Slaughtered (1000 Head)"	2011	"300.0"
"Livestock Primary"	"Argentina"	"Meat indigenous, chicken"	"Production (1000 Head)"	2011	"678754.0"
"Livestock Primary"	"Argentina"	"Meat, chicken"	"Producing Animals/Slaughtered (1000 Head)"	2011	"679078.0"
"Livestock Primary"	"Armenia"	"Meat indigenous, chicken"	"Production (1000 Head)"	2011	"3992.0"
"Livestock Primary"	"Armenia"	"Meat, chicken"	"Producing Animals/Slaughtered (1000 Head)"	2011	"5300.0"
"Livestock Primary"	"Australia"	"Meat indigenous, chicken"	"Production (1000 Head)"	2011	"549407.0"
"Livestock Primary"	"Australia"	"Meat, chicken"	"Producing Animals/Slaughtered (1000 Head)"	2011	"548712.0"
"Livestock Primary"	"Austria"	"Meat indigenous, chicken"	"Production (1000 Head)"	2011	"79759.0"
"Livestock Primary"	"Austria"	"Meat, chicken"	"Producing Animals/Slaughtered (1000 Head)"	2011	"80140.0"
"Livestock Primary"	"Azerbaijan"	"Meat indigenous, chicken"	"Production (1000 Head)"	2011	"58391.0"
"Livestock Primary"	"Azerbaijan"	"Meat, chicken"	"Producing Animals/Slaughtered (1000 Head)"	2011	"60500.0"
"Livestock Primary"	"Bahamas"	"Meat indigenous, chicken"	"Production (1000 Head)"	2011	"5252.0"
"Livestock Primary"	"Bahamas"	"Meat, chicken"	"Producing Animals/Slaughtered (1000 Head)"	2011	"5450.0"
"Livestock Primary"	"Bahrain"	"Meat indigenous, chicken"	"Production (1000 Head)"	2011	"546.0"
"Livestock Primary"	"Bahrain"	"Meat, chicken"	"Producing Animals/Slaughtered (1000 Head)"	2011	"4200.0"
"Livestock Primary"	"Bangladesh"	"Meat indigenous, chicken"	"Production (1000 Head)"	2011	"231942.0"
"Livestock Primary"	"Bangladesh"	"Meat, chicken"	"Producing Animals/Slaughtered (1000 Head)"	2011	"234000.0"
"Livestock Primary"	"Barbados"	"Meat indigenous, chicken"	"Production (1000 Head)"	2011	"12108.0"
"Livestock Primary"	"Barbados"	"Meat, chicken"	"Producing Animals/Slaughtered (1000 Head)"	2011	"11600.0"
"Livestock Primary"	"Belarus"	"Meat indigenous, chicken"	"Production (1000 Head)"	2011	"224067.0"
"Livestock Primary"	"Belarus"	"Meat, chicken"	"Producing Animals/Slaughtered (1000 Head)"	2011	"238000.0"
"Livestock Primary"	"Belgium"	"Meat indigenous, chicken"	"Production (1000 Head)"	2011	"219839.4"
"Livestock Primary"	"Belgium"	"Meat, chicken"	"Producing Animals/Slaughtered (1000 Head)"	2011	"304487.0"
"Livestock Primary"	"Belize"	"Meat indigenous, chicken"	"Production (1000 Head)"	2011	"8438.0"
"Livestock Primary"	"Belize"	"Meat, chicken"	"Producing Animals/Slaughtered (1000 Head)"	2011	"8660.0"
"Livestock Primary"	"Benin"	"Meat indigenous, chicken"	"Production (1000 Head)"	2011	"29356.0"
"Livestock Primary"	"Benin"	"Meat, chicken"	"Producing Animals/Slaughtered (1000 Head)"	2011	"29800.0"
"Livestock Primary"	"Bermuda"	"Meat indigenous, chicken"	"Production (1000 Head)"	2011	"93.0"
"Livestock Primary"	"Bermuda"	"Meat, chicken"	"Producing Animals/Slaughtered (1000 Head)"	2011	"93.0"
"Livestock Primary"	"Bhutan"	"Meat indigenous, chicken"	"Production (1000 Head)"	2011	"453.0"
"Livestock Primary"	"Bhutan"	"Meat, chicken"	"Producing Animals/Slaughtered (1000 Head)"	2011	"513.0"
"Livestock Primary"	"Bolivia (Plurinational State of)"	"Meat indigenous, chicken"	"Production (1000 Head)"	2011	"283658.0"
"Livestock Primary"	"Bolivia (Plurinational State of)"	"Meat, chicken"	"Producing Animals/Slaughtered (1000 Head)"	2011	"285000.0"
"Livestock Primary"	"Bosnia and Herzegovina"	"Meat indigenous, chicken"	"Production (1000 Head)"	2011	"31145.0"
"Livestock Primary"	"Bosnia and Herzegovina"	"Meat, chicken"	"Producing Animals/Slaughtered (1000 Head)"	2011	"32381.0"
"Livestock Primary"	"Botswana"	"Meat indigenous, chicken"	"Production (1000 Head)"	2011	"8092.0"
"Livestock Primary"	"Botswana"	"Meat, chicken"	"Producing Animals/Slaughtered (1000 Head)"	2011	"8800.0"
"Livestock Primary"	"Brazil"	"Meat indigenous, chicken"	"Production (1000 Head)"	2011	"5312852.0"
"Livestock Primary"	"Brazil"	"Meat, chicken"	"Producing Animals/Slaughtered (1000 Head)"	2011	"5287702.0"
"Livestock Primary"	"Brunei Darussalam"	"Meat indigenous, chicken"	"Production (1000 Head)"	2011	"20600.0"
"Livestock Primary"	"Brunei Darussalam"	"Meat, chicken"	"Producing Animals/Slaughtered (1000 Head)"	2011	"21200.0"
"Livestock Primary"	"Bulgaria"	"Meat indigenous, chicken"	"Production (1000 Head)"	2011	"64161.0"
"Livestock Primary"	"Bulgaria"	"Meat, chicken"	"Producing Animals/Slaughtered (1000 Head)"	2011	"48584.0"
"Livestock Primary"	"Burkina Faso"	"Meat indigenous, chicken"	"Production (1000 Head)"	2011	"47834.0"
"Livestock Primary"	"Burkina Faso"	"Meat, chicken"	"Producing Animals/Slaughtered (1000 Head)"	2011	"47800.0"
"Livestock Primary"	"Burundi"	"Meat indigenous, chicken"	"Production (1000 Head)"	2011	"7582.0"
"Livestock Primary"	"Burundi"	"Meat, chicken"	"Producing Animals/Slaughtered (1000 Head)"	2011	"7650.0"
"Livestock Primary"	"Cabo Verde"	"Meat indigenous, chicken"	"Production (1000 Head)"	2011	"842.0"
"Livestock Primary"	"Cabo Verde"	"Meat, chicken"	"Producing Animals/Slaughtered (1000 Head)"	2011	"990.0"
"Livestock Primary"	"Cambodia"	"Meat indigenous, chicken"	"Production (1000 Head)"	2011	"18875.0"
"Livestock Primary"	"Cambodia"	"Meat, chicken"	"Producing Animals/Slaughtered (1000 Head)"	2011	"19000.0"
"Livestock Primary"	"Cameroon"	"Meat indigenous, chicken"	"Production (1000 Head)"	2011	"87252.0"
"Livestock Primary"	"Cameroon"	"Meat, chicken"	"Producing Animals/Slaughtered (1000 Head)"	2011	"87500.0"
"Livestock Primary"	"Canada"	"Meat indigenous, chicken"	"Production (1000 Head)"	2011	"588028.0"
"Livestock Primary"	"Canada"	"Meat, chicken"	"Producing Animals/Slaughtered (1000 Head)"	2011	"638782.0"
"Livestock Primary"	"Central African Republic"	"Meat indigenous, chicken"	"Production (1000 Head)"	2011	"6893.0"
"Livestock Primary"	"Central African Republic"	"Meat, chicken"	"Producing Animals/Slaughtered (1000 Head)"	2011	"6900.0"
"Livestock Primary"	"Chad"	"Meat indigenous, chicken"	"Production (1000 Head)"	2011	"7580.0"
"Livestock Primary"	"Chad"	"Meat, chicken"	"Producing Animals/Slaughtered (1000 Head)"	2011	"7580.0"
"Livestock Primary"	"Chile"	"Meat indigenous, chicken"	"Production (1000 Head)"	2011	"255142.0"
"Livestock Primary"	"Chile"	"Meat, chicken"	"Producing Animals/Slaughtered (1000 Head)"	2011	"255557.0"
"Livestock Primary"	"China"	"Meat indigenous, chicken"	"Production (1000 Head)"	2011	"8755385.0"
"Livestock Primary"	"China"	"Meat, chicken"	"Producing Animals/Slaughtered (1000 Head)"	2011	"8771620.0"
"Livestock Primary"	"China, Hong Kong SAR"	"Meat indigenous, chicken"	"Production (1000 Head)"	2011	"1.0"
"Livestock Primary"	"China, Hong Kong SAR"	"Meat, chicken"	"Producing Animals/Slaughtered (1000 Head)"	2011	"17500.0"
"Livestock Primary"	"China, Macao SAR"	"Meat indigenous, chicken"	"Production (1000 Head)"	2011	"1186.0"
"Livestock Primary"	"China, Macao SAR"	"Meat, chicken"	"Producing Animals/Slaughtered (1000 Head)"	2011	"4000.0"
"Livestock Primary"	"China, mainland"	"Meat indigenous, chicken"	"Production (1000 Head)"	2011	"8404430.0"
"Livestock Primary"	"China, mainland"	"Meat, chicken"	"Producing Animals/Slaughtered (1000 Head)"	2011	"8400000.0"
"Livestock Primary"	"China, Taiwan Province of"	"Meat indigenous, chicken"	"Production (1000 Head)"	2011	"349768.0"
"Livestock Primary"	"China, Taiwan Province of"	"Meat, chicken"	"Producing Animals/Slaughtered (1000 Head)"	2011	"350120.0"
"Livestock Primary"	"Colombia"	"Meat indigenous, chicken"	"Production (1000 Head)"	2011	"1075744.32"
"Livestock Primary"	"Colombia"	"Meat, chicken"	"Producing Animals/Slaughtered (1000 Head)"	2011	"1074987.32"
"Livestock Primary"	"Comoros"	"Meat indigenous, chicken"	"Production (1000 Head)"	2011	"670.0"
"Livestock Primary"	"Comoros"	"Meat, chicken"	"Producing Animals/Slaughtered (1000 Head)"	2011	"670.0"
"Livestock Primary"	"Congo"	"Meat indigenous, chicken"	"Production (1000 Head)"	2011	"6500.0"
"Livestock Primary"	"Congo"	"Meat, chicken"	"Producing Animals/Slaughtered (1000 Head)"	2011	"6500.0"
"Livestock Primary"	"Cook Islands"	"Meat indigenous, chicken"	"Production (1000 Head)"	2011	"21.0"
"Livestock Primary"	"Cook Islands"	"Meat, chicken"	"Producing Animals/Slaughtered (1000 Head)"	2011	"25.0"
"Livestock Primary"	"Costa Rica"	"Meat indigenous, chicken"	"Production (1000 Head)"	2011	"64872.0"
"Livestock Primary"	"Costa Rica"	"Meat, chicken"	"Producing Animals/Slaughtered (1000 Head)"	2011	"60800.0"
"Livestock Primary"	"CÃ´te d'Ivoire"	"Meat indigenous, chicken"	"Production (1000 Head)"	2011	"34494.0"
"Livestock Primary"	"CÃ´te d'Ivoire"	"Meat, chicken"	"Producing Animals/Slaughtered (1000 Head)"	2011	"34997.0"
"Livestock Primary"	"Croatia"	"Meat indigenous, chicken"	"Production (1000 Head)"	2011	"31054.0"
"Livestock Primary"	"Croatia"	"Meat, chicken"	"Producing Animals/Slaughtered (1000 Head)"	2011	"29500.0"
"Livestock Primary"	"Cuba"	"Meat indigenous, chicken"	"Production (1000 Head)"	2011	"32429.0"
"Livestock Primary"	"Cuba"	"Meat, chicken"	"Producing Animals/Slaughtered (1000 Head)"	2011	"32428.6"
"Livestock Primary"	"Cyprus"	"Meat indigenous, chicken"	"Production (1000 Head)"	2011	"13242.0"
"Livestock Primary"	"Cyprus"	"Meat, chicken"	"Producing Animals/Slaughtered (1000 Head)"	2011	"13475.0"
"Livestock Primary"	"Czech Republic"	"Meat indigenous, chicken"	"Production (1000 Head)"	2011	"199885.0"
"Livestock Primary"	"Czech Republic"	"Meat, chicken"	"Producing Animals/Slaughtered (1000 Head)"	2011	"122465.0"
"Livestock Primary"	"Democratic People's Republic of Korea"	"Meat indigenous, chicken"	"Production (1000 Head)"	2011	"29000.0"
"Livestock Primary"	"Democratic People's Republic of Korea"	"Meat, chicken"	"Producing Animals/Slaughtered (1000 Head)"	2011	"29000.0"
"Livestock Primary"	"Democratic Republic of the Congo"	"Meat indigenous, chicken"	"Production (1000 Head)"	2011	"17354.0"
"Livestock Primary"	"Democratic Republic of the Congo"	"Meat, chicken"	"Producing Animals/Slaughtered (1000 Head)"	2011	"17914.0"
"Livestock Primary"	"Denmark"	"Meat indigenous, chicken"	"Production (1000 Head)"	2011	"141123.0"
"Livestock Primary"	"Denmark"	"Meat, chicken"	"Producing Animals/Slaughtered (1000 Head)"	2011	"106974.0"
"Livestock Primary"	"Dominica"	"Meat indigenous, chicken"	"Production (1000 Head)"	2011	"260.0"
"Livestock Primary"	"Dominica"	"Meat, chicken"	"Producing Animals/Slaughtered (1000 Head)"	2011	"340.0"
"Livestock Primary"	"Dominican Republic"	"Meat indigenous, chicken"	"Production (1000 Head)"	2011	"290654.0"
"Livestock Primary"	"Dominican Republic"	"Meat, chicken"	"Producing Animals/Slaughtered (1000 Head)"	2011	"292000.0"
"Livestock Primary"	"Ecuador"	"Meat indigenous, chicken"	"Production (1000 Head)"	2011	"152638.0"
"Livestock Primary"	"Ecuador"	"Meat, chicken"	"Producing Animals/Slaughtered (1000 Head)"	2011	"155000.0"
"Livestock Primary"	"Egypt"	"Meat indigenous, chicken"	"Production (1000 Head)"	2011	"577932.0"
"Livestock Primary"	"Egypt"	"Meat, chicken"	"Producing Animals/Slaughtered (1000 Head)"	2011	"577823.0"
"Livestock Primary"	"El Salvador"	"Meat indigenous, chicken"	"Production (1000 Head)"	2011	"111289.0"
"Livestock Primary"	"El Salvador"	"Meat, chicken"	"Producing Animals/Slaughtered (1000 Head)"	2011	"96000.0"
"Livestock Primary"	"Equatorial Guinea"	"Meat indigenous, chicken"	"Production (1000 Head)"	2011	"300.0"
"Livestock Primary"	"Equatorial Guinea"	"Meat, chicken"	"Producing Animals/Slaughtered (1000 Head)"	2011	"300.0"
"Livestock Primary"	"Eritrea"	"Meat indigenous, chicken"	"Production (1000 Head)"	2011	"2030.0"
"Livestock Primary"	"Eritrea"	"Meat, chicken"	"Producing Animals/Slaughtered (1000 Head)"	2011	"2030.0"
"Livestock Primary"	"Estonia"	"Meat indigenous, chicken"	"Production (1000 Head)"	2011	"8846.0"
"Livestock Primary"	"Estonia"	"Meat, chicken"	"Producing Animals/Slaughtered (1000 Head)"	2011	"10492.0"
"Livestock Primary"	"Ethiopia"	"Meat indigenous, chicken"	"Production (1000 Head)"	2011	"67339.0"
"Livestock Primary"	"Ethiopia"	"Meat, chicken"	"Producing Animals/Slaughtered (1000 Head)"	2011	"67400.0"
"Livestock Primary"	"Falkland Islands (Malvinas)"	"Meat indigenous, chicken"	"Production (1000 Head)"	2011	"6.0"
"Livestock Primary"	"Falkland Islands (Malvinas)"	"Meat, chicken"	"Producing Animals/Slaughtered (1000 Head)"	2011	"6.0"
"Livestock Primary"	"Fiji"	"Meat indigenous, chicken"	"Production (1000 Head)"	2011	"13599.0"
"Livestock Primary"	"Fiji"	"Meat, chicken"	"Producing Animals/Slaughtered (1000 Head)"	2011	"13600.0"
"Livestock Primary"	"Finland"	"Meat indigenous, chicken"	"Production (1000 Head)"	2011	"57588.0"
"Livestock Primary"	"Finland"	"Meat, chicken"	"Producing Animals/Slaughtered (1000 Head)"	2011	"56573.0"
"Livestock Primary"	"France"	"Meat indigenous, chicken"	"Production (1000 Head)"	2011	"879261.0"
"Livestock Primary"	"France"	"Meat, chicken"	"Producing Animals/Slaughtered (1000 Head)"	2011	"804264.0"
"Livestock Primary"	"French Guiana"	"Meat indigenous, chicken"	"Production (1000 Head)"	2011	"460.0"
"Livestock Primary"	"French Guiana"	"Meat, chicken"	"Producing Animals/Slaughtered (1000 Head)"	2011	"460.0"
"Livestock Primary"	"French Polynesia"	"Meat indigenous, chicken"	"Production (1000 Head)"	2011	"535.0"
"Livestock Primary"	"French Polynesia"	"Meat, chicken"	"Producing Animals/Slaughtered (1000 Head)"	2011	"700.0"
"Livestock Primary"	"Gabon"	"Meat indigenous, chicken"	"Production (1000 Head)"	2011	"4414.0"
"Livestock Primary"	"Gabon"	"Meat, chicken"	"Producing Animals/Slaughtered (1000 Head)"	2011	"4700.0"
"Livestock Primary"	"Gambia"	"Meat indigenous, chicken"	"Production (1000 Head)"	2011	"1223.0"
"Livestock Primary"	"Gambia"	"Meat, chicken"	"Producing Animals/Slaughtered (1000 Head)"	2011	"1250.0"
"Livestock Primary"	"Georgia"	"Meat indigenous, chicken"	"Production (1000 Head)"	2011	"8433.0"
"Livestock Primary"	"Georgia"	"Meat, chicken"	"Producing Animals/Slaughtered (1000 Head)"	2011	"9500.0"
"Livestock Primary"	"Germany"	"Meat indigenous, chicken"	"Production (1000 Head)"	2011	"719264.0"
"Livestock Primary"	"Germany"	"Meat, chicken"	"Producing Animals/Slaughtered (1000 Head)"	2011	"641829.0"
"Livestock Primary"	"Ghana"	"Meat indigenous, chicken"	"Production (1000 Head)"	2011	"45919.0"
"Livestock Primary"	"Ghana"	"Meat, chicken"	"Producing Animals/Slaughtered (1000 Head)"	2011	"51000.0"
"Livestock Primary"	"Greece"	"Meat indigenous, chicken"	"Production (1000 Head)"	2011	"66666.0"
"Livestock Primary"	"Greece"	"Meat, chicken"	"Producing Animals/Slaughtered (1000 Head)"	2011	"75000.0"
"Livestock Primary"	"Grenada"	"Meat indigenous, chicken"	"Production (1000 Head)"	2011	"376.0"
"Livestock Primary"	"Grenada"	"Meat, chicken"	"Producing Animals/Slaughtered (1000 Head)"	2011	"680.0"
"Livestock Primary"	"Guadeloupe"	"Meat indigenous, chicken"	"Production (1000 Head)"	2011	"1060.0"
"Livestock Primary"	"Guadeloupe"	"Meat, chicken"	"Producing Animals/Slaughtered (1000 Head)"	2011	"1060.0"
"Livestock Primary"	"Guam"	"Meat indigenous, chicken"	"Production (1000 Head)"	2011	"150.0"
"Livestock Primary"	"Guam"	"Meat, chicken"	"Producing Animals/Slaughtered (1000 Head)"	2011	"150.0"
"Livestock Primary"	"Guatemala"	"Meat indigenous, chicken"	"Production (1000 Head)"	2011	"89914.0"
"Livestock Primary"	"Guatemala"	"Meat, chicken"	"Producing Animals/Slaughtered (1000 Head)"	2011	"106200.0"
"Livestock Primary"	"Guinea"	"Meat indigenous, chicken"	"Production (1000 Head)"	2011	"6207.0"
"Livestock Primary"	"Guinea"	"Meat, chicken"	"Producing Animals/Slaughtered (1000 Head)"	2011	"6500.0"
"Livestock Primary"	"Guinea-Bissau"	"Meat indigenous, chicken"	"Production (1000 Head)"	2011	"2688.0"
"Livestock Primary"	"Guinea-Bissau"	"Meat, chicken"	"Producing Animals/Slaughtered (1000 Head)"	2011	"2700.0"
"Livestock Primary"	"Guyana"	"Meat indigenous, chicken"	"Production (1000 Head)"	2011	"23145.0"
"Livestock Primary"	"Guyana"	"Meat, chicken"	"Producing Animals/Slaughtered (1000 Head)"	2011	"23200.0"
"Livestock Primary"	"Haiti"	"Meat indigenous, chicken"	"Production (1000 Head)"	2011	"8419.0"
"Livestock Primary"	"Haiti"	"Meat, chicken"	"Producing Animals/Slaughtered (1000 Head)"	2011	"8900.0"
"Livestock Primary"	"Honduras"	"Meat indigenous, chicken"	"Production (1000 Head)"	2011	"114201.0"
"Livestock Primary"	"Honduras"	"Meat, chicken"	"Producing Animals/Slaughtered (1000 Head)"	2011	"115000.0"
"Livestock Primary"	"Hungary"	"Meat indigenous, chicken"	"Production (1000 Head)"	2011	"150619.0"
"Livestock Primary"	"Hungary"	"Meat, chicken"	"Producing Animals/Slaughtered (1000 Head)"	2011	"130511.0"
"Livestock Primary"	"Iceland"	"Meat indigenous, chicken"	"Production (1000 Head)"	2011	"4884.0"
"Livestock Primary"	"Iceland"	"Meat, chicken"	"Producing Animals/Slaughtered (1000 Head)"	2011	"4884.0"
"Livestock Primary"	"India"	"Meat indigenous, chicken"	"Production (1000 Head)"	2011	"1920104.0"
"Livestock Primary"	"India"	"Meat, chicken"	"Producing Animals/Slaughtered (1000 Head)"	2011	"1920000.0"
"Livestock Primary"	"Indonesia"	"Meat indigenous, chicken"	"Production (1000 Head)"	2011	"2080955.0"
"Livestock Primary"	"Indonesia"	"Meat, chicken"	"Producing Animals/Slaughtered (1000 Head)"	2011	"2081000.0"
"Livestock Primary"	"Iran (Islamic Republic of)"	"Meat indigenous, chicken"	"Production (1000 Head)"	2011	"1594275.0"
"Livestock Primary"	"Iran (Islamic Republic of)"	"Meat, chicken"	"Producing Animals/Slaughtered (1000 Head)"	2011	"1589000.0"
"Livestock Primary"	"Iraq"	"Meat indigenous, chicken"	"Production (1000 Head)"	2011	"68000.0"
"Livestock Primary"	"Iraq"	"Meat, chicken"	"Producing Animals/Slaughtered (1000 Head)"	2011	"72630.0"
"Livestock Primary"	"Ireland"	"Meat indigenous, chicken"	"Production (1000 Head)"	2011	"100850.0"
"Livestock Primary"	"Ireland"	"Meat, chicken"	"Producing Animals/Slaughtered (1000 Head)"	2011	"80000.0"
"Livestock Primary"	"Israel"	"Meat indigenous, chicken"	"Production (1000 Head)"	2011	"424419.0"
"Livestock Primary"	"Israel"	"Meat, chicken"	"Producing Animals/Slaughtered (1000 Head)"	2011	"424970.0"
"Livestock Primary"	"Italy"	"Meat indigenous, chicken"	"Production (1000 Head)"	2011	"515621.0"
"Livestock Primary"	"Italy"	"Meat, chicken"	"Producing Animals/Slaughtered (1000 Head)"	2011	"506506.0"
"Livestock Primary"	"Jamaica"	"Meat indigenous, chicken"	"Production (1000 Head)"	2011	"71958.0"
"Livestock Primary"	"Jamaica"	"Meat, chicken"	"Producing Animals/Slaughtered (1000 Head)"	2011	"72519.0"
"Livestock Primary"	"Japan"	"Meat indigenous, chicken"	"Production (1000 Head)"	2011	"713289.0"
"Livestock Primary"	"Japan"	"Meat, chicken"	"Producing Animals/Slaughtered (1000 Head)"	2011	"714061.0"
"Livestock Primary"	"Jordan"	"Meat indigenous, chicken"	"Production (1000 Head)"	2011	"186464.0"
"Livestock Primary"	"Jordan"	"Meat, chicken"	"Producing Animals/Slaughtered (1000 Head)"	2011	"185000.0"
"Livestock Primary"	"Kazakhstan"	"Meat indigenous, chicken"	"Production (1000 Head)"	2011	"61235.0"
"Livestock Primary"	"Kazakhstan"	"Meat, chicken"	"Producing Animals/Slaughtered (1000 Head)"	2011	"64600.0"
"Livestock Primary"	"Kenya"	"Meat indigenous, chicken"	"Production (1000 Head)"	2011	"18340.0"
"Livestock Primary"	"Kenya"	"Meat, chicken"	"Producing Animals/Slaughtered (1000 Head)"	2011	"17500.0"
"Livestock Primary"	"Kiribati"	"Meat indigenous, chicken"	"Production (1000 Head)"	2011	"900.0"
"Livestock Primary"	"Kiribati"	"Meat, chicken"	"Producing Animals/Slaughtered (1000 Head)"	2011	"900.0"
"Livestock Primary"	"Kuwait"	"Meat indigenous, chicken"	"Production (1000 Head)"	2011	"25706.0"
"Livestock Primary"	"Kuwait"	"Meat, chicken"	"Producing Animals/Slaughtered (1000 Head)"	2011	"26000.0"
"Livestock Primary"	"Kyrgyzstan"	"Meat indigenous, chicken"	"Production (1000 Head)"	2011	"4399.0"
"Livestock Primary"	"Kyrgyzstan"	"Meat, chicken"	"Producing Animals/Slaughtered (1000 Head)"	2011	"4500.0"
"Livestock Primary"	"Lao People's Democratic Republic"	"Meat indigenous, chicken"	"Production (1000 Head)"	2011	"24908.0"
"Livestock Primary"	"Lao People's Democratic Republic"	"Meat, chicken"	"Producing Animals/Slaughtered (1000 Head)"	2011	"25500.0"
"Livestock Primary"	"Latvia"	"Meat indigenous, chicken"	"Production (1000 Head)"	2011	"14670.0"
"Livestock Primary"	"Latvia"	"Meat, chicken"	"Producing Animals/Slaughtered (1000 Head)"	2011	"14706.0"
"Livestock Primary"	"Lebanon"	"Meat indigenous, chicken"	"Production (1000 Head)"	2011	"75972.0"
"Livestock Primary"	"Lebanon"	"Meat, chicken"	"Producing Animals/Slaughtered (1000 Head)"	2011	"77000.0"
"Livestock Primary"	"Lesotho"	"Meat indigenous, chicken"	"Production (1000 Head)"	2011	"1950.0"
"Livestock Primary"	"Lesotho"	"Meat, chicken"	"Producing Animals/Slaughtered (1000 Head)"	2011	"1950.0"
"Livestock Primary"	"Liberia"	"Meat indigenous, chicken"	"Production (1000 Head)"	2011	"14276.0"
"Livestock Primary"	"Liberia"	"Meat, chicken"	"Producing Animals/Slaughtered (1000 Head)"	2011	"14300.0"
"Livestock Primary"	"Libya"	"Meat indigenous, chicken"	"Production (1000 Head)"	2011	"95000.0"
"Livestock Primary"	"Libya"	"Meat, chicken"	"Producing Animals/Slaughtered (1000 Head)"	2011	"95000.0"
"Livestock Primary"	"Lithuania"	"Meat indigenous, chicken"	"Production (1000 Head)"	2011	"43079.0"
"Livestock Primary"	"Lithuania"	"Meat, chicken"	"Producing Animals/Slaughtered (1000 Head)"	2011	"43146.0"
"Livestock Primary"	"Luxembourg"	"Meat indigenous, chicken"	"Production (1000 Head)"	2011	"1.0"
"Livestock Primary"	"Luxembourg"	"Meat, chicken"	"Producing Animals/Slaughtered (1000 Head)"	2011	"120.0"
"Livestock Primary"	"Madagascar"	"Meat indigenous, chicken"	"Production (1000 Head)"	2011	"44987.0"
"Livestock Primary"	"Madagascar"	"Meat, chicken"	"Producing Animals/Slaughtered (1000 Head)"	2011	"47650.0"
"Livestock Primary"	"Malawi"	"Meat indigenous, chicken"	"Production (1000 Head)"	2011	"27945.0"
"Livestock Primary"	"Malawi"	"Meat, chicken"	"Producing Animals/Slaughtered (1000 Head)"	2011	"28000.0"
"Livestock Primary"	"Malaysia"	"Meat indigenous, chicken"	"Production (1000 Head)"	2011	"734377.0"
"Livestock Primary"	"Malaysia"	"Meat, chicken"	"Producing Animals/Slaughtered (1000 Head)"	2011	"690000.0"
"Livestock Primary"	"Mali"	"Meat indigenous, chicken"	"Production (1000 Head)"	2011	"51638.0"
"Livestock Primary"	"Mali"	"Meat, chicken"	"Producing Animals/Slaughtered (1000 Head)"	2011	"51500.0"
"Livestock Primary"	"Malta"	"Meat indigenous, chicken"	"Production (1000 Head)"	2011	"2416.0"
"Livestock Primary"	"Malta"	"Meat, chicken"	"Producing Animals/Slaughtered (1000 Head)"	2011	"2437.0"
"Livestock Primary"	"Martinique"	"Meat indigenous, chicken"	"Production (1000 Head)"	2011	"1096.0"
"Livestock Primary"	"Martinique"	"Meat, chicken"	"Producing Animals/Slaughtered (1000 Head)"	2011	"1096.0"
"Livestock Primary"	"Mauritania"	"Meat indigenous, chicken"	"Production (1000 Head)"	2011	"5637.0"
"Livestock Primary"	"Mauritania"	"Meat, chicken"	"Producing Animals/Slaughtered (1000 Head)"	2011	"5650.0"
"Livestock Primary"	"Mauritius"	"Meat indigenous, chicken"	"Production (1000 Head)"	2011	"43995.0"
"Livestock Primary"	"Mauritius"	"Meat, chicken"	"Producing Animals/Slaughtered (1000 Head)"	2011	"42700.0"
"Livestock Primary"	"Mexico"	"Meat indigenous, chicken"	"Production (1000 Head)"	2011	"1589434.0"
"Livestock Primary"	"Mexico"	"Meat, chicken"	"Producing Animals/Slaughtered (1000 Head)"	2011	"1593527.0"
"Livestock Primary"	"Micronesia (Federated States of)"	"Meat indigenous, chicken"	"Production (1000 Head)"	2011	"200.0"
"Livestock Primary"	"Micronesia (Federated States of)"	"Meat, chicken"	"Producing Animals/Slaughtered (1000 Head)"	2011	"200.0"
"Livestock Primary"	"Mongolia"	"Meat indigenous, chicken"	"Production (1000 Head)"	2011	"79.0"
"Livestock Primary"	"Mongolia"	"Meat, chicken"	"Producing Animals/Slaughtered (1000 Head)"	2011	"260.0"
"Livestock Primary"	"Montenegro"	"Meat indigenous, chicken"	"Production (1000 Head)"	2011	"1432.0"
"Livestock Primary"	"Montenegro"	"Meat, chicken"	"Producing Animals/Slaughtered (1000 Head)"	2011	"2400.0"
"Livestock Primary"	"Montserrat"	"Meat indigenous, chicken"	"Production (1000 Head)"	2011	"59.0"
"Livestock Primary"	"Montserrat"	"Meat, chicken"	"Producing Animals/Slaughtered (1000 Head)"	2011	"70.0"
"Livestock Primary"	"Morocco"	"Meat indigenous, chicken"	"Production (1000 Head)"	2011	"496747.0"
"Livestock Primary"	"Morocco"	"Meat, chicken"	"Producing Animals/Slaughtered (1000 Head)"	2011	"500000.0"
"Livestock Primary"	"Mozambique"	"Meat indigenous, chicken"	"Production (1000 Head)"	2011	"30030.0"
"Livestock Primary"	"Mozambique"	"Meat, chicken"	"Producing Animals/Slaughtered (1000 Head)"	2011	"30800.0"
"Livestock Primary"	"Myanmar"	"Meat indigenous, chicken"	"Production (1000 Head)"	2011	"923237.0"
"Livestock Primary"	"Myanmar"	"Meat, chicken"	"Producing Animals/Slaughtered (1000 Head)"	2011	"923500.0"
"Livestock Primary"	"Namibia"	"Meat indigenous, chicken"	"Production (1000 Head)"	2011	"9000.0"
"Livestock Primary"	"Namibia"	"Meat, chicken"	"Producing Animals/Slaughtered (1000 Head)"	2011	"15000.0"
"Livestock Primary"	"Nauru"	"Meat indigenous, chicken"	"Production (1000 Head)"	2011	"5.0"
"Livestock Primary"	"Nauru"	"Meat, chicken"	"Producing Animals/Slaughtered (1000 Head)"	2011	"5.0"
"Livestock Primary"	"Nepal"	"Meat indigenous, chicken"	"Production (1000 Head)"	2011	"42496.0"
"Livestock Primary"	"Nepal"	"Meat, chicken"	"Producing Animals/Slaughtered (1000 Head)"	2011	"42500.0"
"Livestock Primary"	"Netherlands"	"Meat indigenous, chicken"	"Production (1000 Head)"	2011	"544970.0"
"Livestock Primary"	"Netherlands"	"Meat, chicken"	"Producing Animals/Slaughtered (1000 Head)"	2011	"505632.0"
"Livestock Primary"	"New Caledonia"	"Meat indigenous, chicken"	"Production (1000 Head)"	2011	"1042.0"
"Livestock Primary"	"New Caledonia"	"Meat, chicken"	"Producing Animals/Slaughtered (1000 Head)"	2011	"1043.0"
"Livestock Primary"	"New Zealand"	"Meat indigenous, chicken"	"Production (1000 Head)"	2011	"89389.13"
"Livestock Primary"	"New Zealand"	"Meat, chicken"	"Producing Animals/Slaughtered (1000 Head)"	2011	"88515.13"
"Livestock Primary"	"Nicaragua"	"Meat indigenous, chicken"	"Production (1000 Head)"	2011	"49563.0"
"Livestock Primary"	"Nicaragua"	"Meat, chicken"	"Producing Animals/Slaughtered (1000 Head)"	2011	"55061.0"
"Livestock Primary"	"Niger"	"Meat indigenous, chicken"	"Production (1000 Head)"	2011	"20783.0"
"Livestock Primary"	"Niger"	"Meat, chicken"	"Producing Animals/Slaughtered (1000 Head)"	2011	"20800.0"
"Livestock Primary"	"Nigeria"	"Meat indigenous, chicken"	"Production (1000 Head)"	2011	"299991.0"
"Livestock Primary"	"Nigeria"	"Meat, chicken"	"Producing Animals/Slaughtered (1000 Head)"	2011	"300000.0"
"Livestock Primary"	"Niue"	"Meat indigenous, chicken"	"Production (1000 Head)"	2011	"20.0"
"Livestock Primary"	"Niue"	"Meat, chicken"	"Producing Animals/Slaughtered (1000 Head)"	2011	"20.0"
"Livestock Primary"	"Norway"	"Meat indigenous, chicken"	"Production (1000 Head)"	2011	"62300.0"
"Livestock Primary"	"Norway"	"Meat, chicken"	"Producing Animals/Slaughtered (1000 Head)"	2011	"62349.0"
"Livestock Primary"	"Occupied Palestinian Territory"	"Meat indigenous, chicken"	"Production (1000 Head)"	2011	"31111.0"
"Livestock Primary"	"Occupied Palestinian Territory"	"Meat, chicken"	"Producing Animals/Slaughtered (1000 Head)"	2011	"44278.0"
"Livestock Primary"	"Oman"	"Meat indigenous, chicken"	"Production (1000 Head)"	2011	"6967.0"
"Livestock Primary"	"Oman"	"Meat, chicken"	"Producing Animals/Slaughtered (1000 Head)"	2011	"7550.0"
"Livestock Primary"	"Pakistan"	"Meat indigenous, chicken"	"Production (1000 Head)"	2011	"663835.0"
"Livestock Primary"	"Pakistan"	"Meat, chicken"	"Producing Animals/Slaughtered (1000 Head)"	2011	"663000.0"
"Livestock Primary"	"Panama"	"Meat indigenous, chicken"	"Production (1000 Head)"	2011	"79340.0"
"Livestock Primary"	"Panama"	"Meat, chicken"	"Producing Animals/Slaughtered (1000 Head)"	2011	"80699.0"
"Livestock Primary"	"Papua New Guinea"	"Meat indigenous, chicken"	"Production (1000 Head)"	2011	"6497.0"
"Livestock Primary"	"Papua New Guinea"	"Meat, chicken"	"Producing Animals/Slaughtered (1000 Head)"	2011	"6600.0"
"Livestock Primary"	"Paraguay"	"Meat indigenous, chicken"	"Production (1000 Head)"	2011	"16798.0"
"Livestock Primary"	"Paraguay"	"Meat, chicken"	"Producing Animals/Slaughtered (1000 Head)"	2011	"38000.0"
"Livestock Primary"	"Peru"	"Meat indigenous, chicken"	"Production (1000 Head)"	2011	"537044.0"
"Livestock Primary"	"Peru"	"Meat, chicken"	"Producing Animals/Slaughtered (1000 Head)"	2011	"536760.0"
"Livestock Primary"	"Philippines"	"Meat indigenous, chicken"	"Production (1000 Head)"	2011	"824518.0"
"Livestock Primary"	"Philippines"	"Meat, chicken"	"Producing Animals/Slaughtered (1000 Head)"	2011	"824058.0"
"Livestock Primary"	"Poland"	"Meat indigenous, chicken"	"Production (1000 Head)"	2011	"702830.0"
"Livestock Primary"	"Poland"	"Meat, chicken"	"Producing Animals/Slaughtered (1000 Head)"	2011	"700993.0"
"Livestock Primary"	"Portugal"	"Meat indigenous, chicken"	"Production (1000 Head)"	2011	"209115.0"
"Livestock Primary"	"Portugal"	"Meat, chicken"	"Producing Animals/Slaughtered (1000 Head)"	2011	"180895.0"
"Livestock Primary"	"Puerto Rico"	"Meat indigenous, chicken"	"Production (1000 Head)"	2011	"36500.0"
"Livestock Primary"	"Puerto Rico"	"Meat, chicken"	"Producing Animals/Slaughtered (1000 Head)"	2011	"36500.0"
"Livestock Primary"	"Qatar"	"Meat indigenous, chicken"	"Production (1000 Head)"	2011	"6592.0"
"Livestock Primary"	"Qatar"	"Meat, chicken"	"Producing Animals/Slaughtered (1000 Head)"	2011	"6600.0"
"Livestock Primary"	"Republic of Korea"	"Meat indigenous, chicken"	"Production (1000 Head)"	2011	"748966.0"
"Livestock Primary"	"Republic of Korea"	"Meat, chicken"	"Producing Animals/Slaughtered (1000 Head)"	2011	"750000.0"
"Livestock Primary"	"Republic of Moldova"	"Meat indigenous, chicken"	"Production (1000 Head)"	2011	"25276.0"
"Livestock Primary"	"Republic of Moldova"	"Meat, chicken"	"Producing Animals/Slaughtered (1000 Head)"	2011	"28500.0"
"Livestock Primary"	"RÃ©union"	"Meat indigenous, chicken"	"Production (1000 Head)"	2011	"15800.0"
"Livestock Primary"	"RÃ©union"	"Meat, chicken"	"Producing Animals/Slaughtered (1000 Head)"	2011	"15800.0"
"Livestock Primary"	"Romania"	"Meat indigenous, chicken"	"Production (1000 Head)"	2011	"172176.0"
"Livestock Primary"	"Romania"	"Meat, chicken"	"Producing Animals/Slaughtered (1000 Head)"	2011	"221007.0"
"Livestock Primary"	"Russian Federation"	"Meat indigenous, chicken"	"Production (1000 Head)"	2011	"1820270.0"
"Livestock Primary"	"Russian Federation"	"Meat, chicken"	"Producing Animals/Slaughtered (1000 Head)"	2011	"1833018.0"
"Livestock Primary"	"Rwanda"	"Meat indigenous, chicken"	"Production (1000 Head)"	2011	"2343.0"
"Livestock Primary"	"Rwanda"	"Meat, chicken"	"Producing Animals/Slaughtered (1000 Head)"	2011	"2750.0"
"Livestock Primary"	"Saint Kitts and Nevis"	"Meat indigenous, chicken"	"Production (1000 Head)"	2011	"114.0"
"Livestock Primary"	"Saint Kitts and Nevis"	"Meat, chicken"	"Producing Animals/Slaughtered (1000 Head)"	2011	"140.0"
"Livestock Primary"	"Saint Lucia"	"Meat indigenous, chicken"	"Production (1000 Head)"	2011	"1251.0"
"Livestock Primary"	"Saint Lucia"	"Meat, chicken"	"Producing Animals/Slaughtered (1000 Head)"	2011	"1300.0"
"Livestock Primary"	"Saint Pierre and Miquelon"	"Meat indigenous, chicken"	"Production (1000 Head)"	2011	"3.0"
"Livestock Primary"	"Saint Pierre and Miquelon"	"Meat, chicken"	"Producing Animals/Slaughtered (1000 Head)"	2011	"3.0"
"Livestock Primary"	"Saint Vincent and the Grenadines"	"Meat indigenous, chicken"	"Production (1000 Head)"	2011	"467.0"
"Livestock Primary"	"Saint Vincent and the Grenadines"	"Meat, chicken"	"Producing Animals/Slaughtered (1000 Head)"	2011	"480.0"
"Livestock Primary"	"Samoa"	"Meat indigenous, chicken"	"Production (1000 Head)"	2011	"704.0"
"Livestock Primary"	"Samoa"	"Meat, chicken"	"Producing Animals/Slaughtered (1000 Head)"	2011	"730.0"
"Livestock Primary"	"Sao Tome and Principe"	"Meat indigenous, chicken"	"Production (1000 Head)"	2011	"886.0"
"Livestock Primary"	"Sao Tome and Principe"	"Meat, chicken"	"Producing Animals/Slaughtered (1000 Head)"	2011	"910.0"
"Livestock Primary"	"Saudi Arabia"	"Meat indigenous, chicken"	"Production (1000 Head)"	2011	"576270.0"
"Livestock Primary"	"Saudi Arabia"	"Meat, chicken"	"Producing Animals/Slaughtered (1000 Head)"	2011	"571000.0"
"Livestock Primary"	"Senegal"	"Meat indigenous, chicken"	"Production (1000 Head)"	2011	"41664.0"
"Livestock Primary"	"Senegal"	"Meat, chicken"	"Producing Animals/Slaughtered (1000 Head)"	2011	"41700.0"
"Livestock Primary"	"Serbia"	"Meat indigenous, chicken"	"Production (1000 Head)"	2011	"47711.5"
"Livestock Primary"	"Serbia"	"Meat, chicken"	"Producing Animals/Slaughtered (1000 Head)"	2011	"51026.5"
"Livestock Primary"	"Seychelles"	"Meat indigenous, chicken"	"Production (1000 Head)"	2011	"622.0"
"Livestock Primary"	"Seychelles"	"Meat, chicken"	"Producing Animals/Slaughtered (1000 Head)"	2011	"622.0"
"Livestock Primary"	"Sierra Leone"	"Meat indigenous, chicken"	"Production (1000 Head)"	2011	"15168.0"
"Livestock Primary"	"Sierra Leone"	"Meat, chicken"	"Producing Animals/Slaughtered (1000 Head)"	2011	"15200.0"
"Livestock Primary"	"Singapore"	"Meat indigenous, chicken"	"Production (1000 Head)"	2011	"1.0"
"Livestock Primary"	"Singapore"	"Meat, chicken"	"Producing Animals/Slaughtered (1000 Head)"	2011	"45000.0"
"Livestock Primary"	"Slovakia"	"Meat indigenous, chicken"	"Production (1000 Head)"	2011	"41350.0"
"Livestock Primary"	"Slovakia"	"Meat, chicken"	"Producing Animals/Slaughtered (1000 Head)"	2011	"39751.0"
"Livestock Primary"	"Slovenia"	"Meat indigenous, chicken"	"Production (1000 Head)"	2011	"28179.0"
"Livestock Primary"	"Slovenia"	"Meat, chicken"	"Producing Animals/Slaughtered (1000 Head)"	2011	"31351.0"
"Livestock Primary"	"Solomon Islands"	"Meat indigenous, chicken"	"Production (1000 Head)"	2011	"360.0"
"Livestock Primary"	"Solomon Islands"	"Meat, chicken"	"Producing Animals/Slaughtered (1000 Head)"	2011	"360.0"
"Livestock Primary"	"Somalia"	"Meat indigenous, chicken"	"Production (1000 Head)"	2011	"4400.0"
"Livestock Primary"	"Somalia"	"Meat, chicken"	"Producing Animals/Slaughtered (1000 Head)"	2011	"4400.0"
"Livestock Primary"	"South Africa"	"Meat indigenous, chicken"	"Production (1000 Head)"	2011	"1053622.0"
"Livestock Primary"	"South Africa"	"Meat, chicken"	"Producing Animals/Slaughtered (1000 Head)"	2011	"1053600.0"
"Livestock Primary"	"Spain"	"Meat indigenous, chicken"	"Production (1000 Head)"	2011	"612263.0"
"Livestock Primary"	"Spain"	"Meat, chicken"	"Producing Animals/Slaughtered (1000 Head)"	2011	"637134.0"
"Livestock Primary"	"Sri Lanka"	"Meat indigenous, chicken"	"Production (1000 Head)"	2011	"89202.0"
"Livestock Primary"	"Sri Lanka"	"Meat, chicken"	"Producing Animals/Slaughtered (1000 Head)"	2011	"90000.0"
"Livestock Primary"	"Sudan (former)"	"Meat indigenous, chicken"	"Production (1000 Head)"	2011	"39300.0"
"Livestock Primary"	"Sudan (former)"	"Meat, chicken"	"Producing Animals/Slaughtered (1000 Head)"	2011	"40000.0"
"Livestock Primary"	"Suriname"	"Meat indigenous, chicken"	"Production (1000 Head)"	2011	"5666.0"
"Livestock Primary"	"Suriname"	"Meat, chicken"	"Producing Animals/Slaughtered (1000 Head)"	2011	"5700.0"
"Livestock Primary"	"Swaziland"	"Meat indigenous, chicken"	"Production (1000 Head)"	2011	"4575.0"
"Livestock Primary"	"Swaziland"	"Meat, chicken"	"Producing Animals/Slaughtered (1000 Head)"	2011	"5500.0"
"Livestock Primary"	"Sweden"	"Meat indigenous, chicken"	"Production (1000 Head)"	2011	"79851.0"
"Livestock Primary"	"Sweden"	"Meat, chicken"	"Producing Animals/Slaughtered (1000 Head)"	2011	"78182.0"
"Livestock Primary"	"Switzerland"	"Meat indigenous, chicken"	"Production (1000 Head)"	2011	"55803.0"
"Livestock Primary"	"Switzerland"	"Meat, chicken"	"Producing Animals/Slaughtered (1000 Head)"	2011	"56000.0"
"Livestock Primary"	"Syrian Arab Republic"	"Meat indigenous, chicken"	"Production (1000 Head)"	2011	"131116.0"
"Livestock Primary"	"Syrian Arab Republic"	"Meat, chicken"	"Producing Animals/Slaughtered (1000 Head)"	2011	"132480.0"
"Livestock Primary"	"Tajikistan"	"Meat indigenous, chicken"	"Production (1000 Head)"	2011	"2032.0"
"Livestock Primary"	"Tajikistan"	"Meat, chicken"	"Producing Animals/Slaughtered (1000 Head)"	2011	"2600.0"
"Livestock Primary"	"Thailand"	"Meat indigenous, chicken"	"Production (1000 Head)"	2011	"998745.0"
"Livestock Primary"	"Thailand"	"Meat, chicken"	"Producing Animals/Slaughtered (1000 Head)"	2011	"1000000.0"
"Livestock Primary"	"The former Yugoslav Republic of Macedonia"	"Meat indigenous, chicken"	"Production (1000 Head)"	2011	"3741.0"
"Livestock Primary"	"The former Yugoslav Republic of Macedonia"	"Meat, chicken"	"Producing Animals/Slaughtered (1000 Head)"	2011	"2050.0"
"Livestock Primary"	"Timor-Leste"	"Meat indigenous, chicken"	"Production (1000 Head)"	2011	"900.0"
"Livestock Primary"	"Timor-Leste"	"Meat, chicken"	"Producing Animals/Slaughtered (1000 Head)"	2011	"900.0"
"Livestock Primary"	"Togo"	"Meat indigenous, chicken"	"Production (1000 Head)"	2011	"36986.0"
"Livestock Primary"	"Togo"	"Meat, chicken"	"Producing Animals/Slaughtered (1000 Head)"	2011	"37000.0"
"Livestock Primary"	"Tokelau"	"Meat indigenous, chicken"	"Production (1000 Head)"	2011	"6.0"
"Livestock Primary"	"Tokelau"	"Meat, chicken"	"Producing Animals/Slaughtered (1000 Head)"	2011	"6.0"
"Livestock Primary"	"Tonga"	"Meat indigenous, chicken"	"Production (1000 Head)"	2011	"330.0"
"Livestock Primary"	"Tonga"	"Meat, chicken"	"Producing Animals/Slaughtered (1000 Head)"	2011	"345.0"
"Livestock Primary"	"Trinidad and Tobago"	"Meat indigenous, chicken"	"Production (1000 Head)"	2011	"33812.0"
"Livestock Primary"	"Trinidad and Tobago"	"Meat, chicken"	"Producing Animals/Slaughtered (1000 Head)"	2011	"34220.0"
"Livestock Primary"	"Tunisia"	"Meat indigenous, chicken"	"Production (1000 Head)"	2011	"83104.0"
"Livestock Primary"	"Tunisia"	"Meat, chicken"	"Producing Animals/Slaughtered (1000 Head)"	2011	"84000.0"
"Livestock Primary"	"Turkey"	"Meat indigenous, chicken"	"Production (1000 Head)"	2011	"963301.0"
"Livestock Primary"	"Turkey"	"Meat, chicken"	"Producing Animals/Slaughtered (1000 Head)"	2011	"963245.0"
"Livestock Primary"	"Turkmenistan"	"Meat indigenous, chicken"	"Production (1000 Head)"	2011	"16000.0"
"Livestock Primary"	"Turkmenistan"	"Meat, chicken"	"Producing Animals/Slaughtered (1000 Head)"	2011	"16000.0"
"Livestock Primary"	"Tuvalu"	"Meat indigenous, chicken"	"Production (1000 Head)"	2011	"55.0"
"Livestock Primary"	"Tuvalu"	"Meat, chicken"	"Producing Animals/Slaughtered (1000 Head)"	2011	"55.0"
"Livestock Primary"	"Uganda"	"Meat indigenous, chicken"	"Production (1000 Head)"	2011	"46261.0"
"Livestock Primary"	"Uganda"	"Meat, chicken"	"Producing Animals/Slaughtered (1000 Head)"	2011	"47800.0"
"Livestock Primary"	"Ukraine"	"Meat indigenous, chicken"	"Production (1000 Head)"	2011	"467614.0"
"Livestock Primary"	"Ukraine"	"Meat, chicken"	"Producing Animals/Slaughtered (1000 Head)"	2011	"528730.0"
"Livestock Primary"	"United Arab Emirates"	"Meat indigenous, chicken"	"Production (1000 Head)"	2011	"33715.0"
"Livestock Primary"	"United Arab Emirates"	"Meat, chicken"	"Producing Animals/Slaughtered (1000 Head)"	2011	"34500.0"
"Livestock Primary"	"United Kingdom"	"Meat indigenous, chicken"	"Production (1000 Head)"	2011	"909547.0"
"Livestock Primary"	"United Kingdom"	"Meat, chicken"	"Producing Animals/Slaughtered (1000 Head)"	2011	"899000.0"
"Livestock Primary"	"United Republic of Tanzania"	"Meat indigenous, chicken"	"Production (1000 Head)"	2011	"59555.0"
"Livestock Primary"	"United Republic of Tanzania"	"Meat, chicken"	"Producing Animals/Slaughtered (1000 Head)"	2011	"61000.0"
"Livestock Primary"	"United States of America"	"Meat indigenous, chicken"	"Production (1000 Head)"	2011	"8758228.0"
"Livestock Primary"	"United States of America"	"Meat, chicken"	"Producing Animals/Slaughtered (1000 Head)"	2011	"8683643.0"
"Livestock Primary"	"United States Virgin Islands"	"Meat indigenous, chicken"	"Production (1000 Head)"	2011	"60.0"
"Livestock Primary"	"United States Virgin Islands"	"Meat, chicken"	"Producing Animals/Slaughtered (1000 Head)"	2011	"60.0"
"Livestock Primary"	"Uruguay"	"Meat indigenous, chicken"	"Production (1000 Head)"	2011	"85052.0"
"Livestock Primary"	"Uruguay"	"Meat, chicken"	"Producing Animals/Slaughtered (1000 Head)"	2011	"85342.0"
"Livestock Primary"	"Uzbekistan"	"Meat indigenous, chicken"	"Production (1000 Head)"	2011	"21391.0"
"Livestock Primary"	"Uzbekistan"	"Meat, chicken"	"Producing Animals/Slaughtered (1000 Head)"	2011	"21900.0"
"Livestock Primary"	"Vanuatu"	"Meat indigenous, chicken"	"Production (1000 Head)"	2011	"838.0"
"Livestock Primary"	"Vanuatu"	"Meat, chicken"	"Producing Animals/Slaughtered (1000 Head)"	2011	"900.0"
"Livestock Primary"	"Venezuela (Bolivarian Republic of)"	"Meat indigenous, chicken"	"Production (1000 Head)"	2011	"422000.0"
"Livestock Primary"	"Venezuela (Bolivarian Republic of)"	"Meat, chicken"	"Producing Animals/Slaughtered (1000 Head)"	2011	"422000.0"
"Livestock Primary"	"Viet Nam"	"Meat indigenous, chicken"	"Production (1000 Head)"	2011	"328061.0"
"Livestock Primary"	"Viet Nam"	"Meat, chicken"	"Producing Animals/Slaughtered (1000 Head)"	2011	"329600.0"
"Livestock Primary"	"Wallis and Futuna Islands"	"Meat indigenous, chicken"	"Production (1000 Head)"	2011	"60.0"
"Livestock Primary"	"Wallis and Futuna Islands"	"Meat, chicken"	"Producing Animals/Slaughtered (1000 Head)"	2011	"60.0"
"Livestock Primary"	"Yemen"	"Meat indigenous, chicken"	"Production (1000 Head)"	2011	"164358.0"
"Livestock Primary"	"Yemen"	"Meat, chicken"	"Producing Animals/Slaughtered (1000 Head)"	2011	"165000.0"
"Livestock Primary"	"Zambia"	"Meat indigenous, chicken"	"Production (1000 Head)"	2011	"42761.0"
"Livestock Primary"	"Zambia"	"Meat, chicken"	"Producing Animals/Slaughtered (1000 Head)"	2011	"43000.0"
"Livestock Primary"	"Zimbabwe"	"Meat indigenous, chicken"	"Production (1000 Head)"	2011	"55702.0"
"Livestock Primary"	"Zimbabwe"	"Meat, chicken"	"Producing Animals/Slaughtered (1000 Head)"	2011	"55000.0"
