Datatype,Source,Target,Product,Valuetype,Year,Value,
Detailed trade matrix,Algeria,Brazil,Soybeans,Import Quantity (tonnes),2011,24.0,
Detailed trade matrix,Algeria,China,Soybeans,Import Quantity (tonnes),2011,15.0,
Detailed trade matrix,Algeria,"China, mainland",Soybeans,Import Quantity (tonnes),2011,15.0,
Detailed trade matrix,Algeria,India,Soybeans,Import Quantity (tonnes),2011,5.0,
Detailed trade matrix,Algeria,Ireland,Soybeans,Import Quantity (tonnes),2011,1.0,
Detailed trade matrix,Algeria,Japan,Soybeans,Import Quantity (tonnes),2011,5.0,*
Detailed trade matrix,Algeria,Republic of Korea,Soybeans,Import Quantity (tonnes),2011,2.0,
Detailed trade matrix,Antigua and Barbuda,United States of America,Soybeans,Import Quantity (tonnes),2011,0.0,
Detailed trade matrix,Argentina,Argentina,Soybeans,Import Quantity (tonnes),2011,0.0,
Detailed trade matrix,Argentina,Belgium,Soybeans,Import Quantity (tonnes),2011,0.0,
Detailed trade matrix,Argentina,Brazil,Soybeans,Import Quantity (tonnes),2011,1.0,
Detailed trade matrix,Argentina,Canada,Soybeans,Import Quantity (tonnes),2011,2.0,
Detailed trade matrix,Argentina,Paraguay,Soybeans,Import Quantity (tonnes),2011,12576.0,
Detailed trade matrix,Argentina,United States of America,Soybeans,Import Quantity (tonnes),2011,276.0,
Detailed trade matrix,Argentina,Unspecified,Soybeans,Import Quantity (tonnes),2011,4.0,
Detailed trade matrix,Argentina,Uruguay,Soybeans,Import Quantity (tonnes),2011,3.0,
Detailed trade matrix,Armenia,France,Soybeans,Import Quantity (tonnes),2011,2.0,
Detailed trade matrix,Armenia,Germany,Soybeans,Import Quantity (tonnes),2011,0.0,
Detailed trade matrix,Armenia,Unspecified,Soybeans,Import Quantity (tonnes),2011,0.0,
Detailed trade matrix,Aruba,China,Soybeans,Import Quantity (tonnes),2011,0.0,
Detailed trade matrix,Aruba,"China, Hong Kong SAR",Soybeans,Import Quantity (tonnes),2011,0.0,
Detailed trade matrix,Aruba,"China, mainland",Soybeans,Import Quantity (tonnes),2011,0.0,
Detailed trade matrix,Aruba,United States of America,Soybeans,Import Quantity (tonnes),2011,1.0,
Detailed trade matrix,Australia,China,Soybeans,Import Quantity (tonnes),2011,1114.0,
Detailed trade matrix,Australia,"China, mainland",Soybeans,Import Quantity (tonnes),2011,1112.0,
Detailed trade matrix,Australia,"China, Taiwan Province of",Soybeans,Import Quantity (tonnes),2011,2.0,
Detailed trade matrix,Australia,Japan,Soybeans,Import Quantity (tonnes),2011,47.0,
Detailed trade matrix,Australia,Malaysia,Soybeans,Import Quantity (tonnes),2011,1.0,
Detailed trade matrix,Australia,Republic of Korea,Soybeans,Import Quantity (tonnes),2011,0.0,
Detailed trade matrix,Austria,Australia,Soybeans,Import Quantity (tonnes),2011,0.0,
Detailed trade matrix,Austria,Belgium,Soybeans,Import Quantity (tonnes),2011,1.0,
Detailed trade matrix,Austria,Canada,Soybeans,Import Quantity (tonnes),2011,0.0,
Detailed trade matrix,Austria,Chile,Soybeans,Import Quantity (tonnes),2011,2.0,
Detailed trade matrix,Austria,China,Soybeans,Import Quantity (tonnes),2011,0.0,
Detailed trade matrix,Austria,"China, mainland",Soybeans,Import Quantity (tonnes),2011,0.0,
Detailed trade matrix,Austria,Croatia,Soybeans,Import Quantity (tonnes),2011,508.0,
Detailed trade matrix,Austria,Czech Republic,Soybeans,Import Quantity (tonnes),2011,102.0,
Detailed trade matrix,Austria,Denmark,Soybeans,Import Quantity (tonnes),2011,1.0,
Detailed trade matrix,Austria,France,Soybeans,Import Quantity (tonnes),2011,118.0,
Detailed trade matrix,Austria,Germany,Soybeans,Import Quantity (tonnes),2011,6720.0,
Detailed trade matrix,Austria,Hungary,Soybeans,Import Quantity (tonnes),2011,8754.0,
Detailed trade matrix,Austria,Italy,Soybeans,Import Quantity (tonnes),2011,66775.0,
Detailed trade matrix,Austria,Netherlands,Soybeans,Import Quantity (tonnes),2011,3.0,
Detailed trade matrix,Austria,Poland,Soybeans,Import Quantity (tonnes),2011,7.0,
Detailed trade matrix,Austria,Republic of Korea,Soybeans,Import Quantity (tonnes),2011,0.0,
Detailed trade matrix,Austria,Romania,Soybeans,Import Quantity (tonnes),2011,860.0,
Detailed trade matrix,Austria,Serbia,Soybeans,Import Quantity (tonnes),2011,1818.0,
Detailed trade matrix,Austria,Slovakia,Soybeans,Import Quantity (tonnes),2011,507.0,
Detailed trade matrix,Austria,Slovenia,Soybeans,Import Quantity (tonnes),2011,34.0,
Detailed trade matrix,Austria,Spain,Soybeans,Import Quantity (tonnes),2011,1.0,
Detailed trade matrix,Austria,Switzerland,Soybeans,Import Quantity (tonnes),2011,27.0,
Detailed trade matrix,Austria,Thailand,Soybeans,Import Quantity (tonnes),2011,4.0,
Detailed trade matrix,Austria,Ukraine,Soybeans,Import Quantity (tonnes),2011,1606.0,
Detailed trade matrix,Austria,United Kingdom,Soybeans,Import Quantity (tonnes),2011,14.0,
Detailed trade matrix,Austria,United States of America,Soybeans,Import Quantity (tonnes),2011,0.0,
Detailed trade matrix,Azerbaijan,Argentina,Soybeans,Import Quantity (tonnes),2011,1488.0,
Detailed trade matrix,Azerbaijan,Republic of Moldova,Soybeans,Import Quantity (tonnes),2011,1162.0,
Detailed trade matrix,Azerbaijan,Turkey,Soybeans,Import Quantity (tonnes),2011,12.0,
Detailed trade matrix,Azerbaijan,Ukraine,Soybeans,Import Quantity (tonnes),2011,6549.0,
Detailed trade matrix,Azerbaijan,Unspecified,Soybeans,Import Quantity (tonnes),2011,0.0,
Detailed trade matrix,Bahrain,Australia,Soybeans,Import Quantity (tonnes),2011,1.0,
Detailed trade matrix,Bahrain,China,Soybeans,Import Quantity (tonnes),2011,0.0,
Detailed trade matrix,Bahrain,"China, mainland",Soybeans,Import Quantity (tonnes),2011,0.0,
Detailed trade matrix,Bahrain,Germany,Soybeans,Import Quantity (tonnes),2011,0.0,
Detailed trade matrix,Bahrain,India,Soybeans,Import Quantity (tonnes),2011,5492.0,
Detailed trade matrix,Bahrain,Iran (Islamic Republic of),Soybeans,Import Quantity (tonnes),2011,0.0,
Detailed trade matrix,Bahrain,Singapore,Soybeans,Import Quantity (tonnes),2011,2.0,
Detailed trade matrix,Bahrain,United States of America,Soybeans,Import Quantity (tonnes),2011,9.0,
Detailed trade matrix,Barbados,Canada,Soybeans,Import Quantity (tonnes),2011,0.0,
Detailed trade matrix,Barbados,United States of America,Soybeans,Import Quantity (tonnes),2011,25561.0,
Detailed trade matrix,Belarus,China,Soybeans,Import Quantity (tonnes),2011,0.0,
Detailed trade matrix,Belarus,"China, mainland",Soybeans,Import Quantity (tonnes),2011,0.0,
Detailed trade matrix,Belarus,Italy,Soybeans,Import Quantity (tonnes),2011,0.0,
Detailed trade matrix,Belarus,Republic of Moldova,Soybeans,Import Quantity (tonnes),2011,322.0,
Detailed trade matrix,Belarus,Ukraine,Soybeans,Import Quantity (tonnes),2011,8826.0,
Detailed trade matrix,Belgium,Argentina,Soybeans,Import Quantity (tonnes),2011,1.0,
Detailed trade matrix,Belgium,Austria,Soybeans,Import Quantity (tonnes),2011,2043.0,
Detailed trade matrix,Belgium,Brazil,Soybeans,Import Quantity (tonnes),2011,182108.0,
Detailed trade matrix,Belgium,Canada,Soybeans,Import Quantity (tonnes),2011,163181.0,
Detailed trade matrix,Belgium,China,Soybeans,Import Quantity (tonnes),2011,5131.0,
Detailed trade matrix,Belgium,"China, mainland",Soybeans,Import Quantity (tonnes),2011,5131.0,
Detailed trade matrix,Belgium,France,Soybeans,Import Quantity (tonnes),2011,7307.0,
Detailed trade matrix,Belgium,Germany,Soybeans,Import Quantity (tonnes),2011,2068.0,
Detailed trade matrix,Belgium,Hungary,Soybeans,Import Quantity (tonnes),2011,7088.0,
Detailed trade matrix,Belgium,India,Soybeans,Import Quantity (tonnes),2011,2.0,
Detailed trade matrix,Belgium,Ireland,Soybeans,Import Quantity (tonnes),2011,2.0,
Detailed trade matrix,Belgium,Italy,Soybeans,Import Quantity (tonnes),2011,357.0,
Detailed trade matrix,Belgium,Luxembourg,Soybeans,Import Quantity (tonnes),2011,32.0,
Detailed trade matrix,Belgium,Netherlands,Soybeans,Import Quantity (tonnes),2011,169558.0,
Detailed trade matrix,Belgium,Paraguay,Soybeans,Import Quantity (tonnes),2011,30211.0,
Detailed trade matrix,Belgium,Serbia,Soybeans,Import Quantity (tonnes),2011,5018.0,
Detailed trade matrix,Belgium,United States of America,Soybeans,Import Quantity (tonnes),2011,1.0,
Detailed trade matrix,Belize,Mexico,Soybeans,Import Quantity (tonnes),2011,0.0,
Detailed trade matrix,Belize,United States of America,Soybeans,Import Quantity (tonnes),2011,1.0,*
Detailed trade matrix,Bolivia (Plurinational State of),Argentina,Soybeans,Import Quantity (tonnes),2011,11398.0,
Detailed trade matrix,Bolivia (Plurinational State of),Brazil,Soybeans,Import Quantity (tonnes),2011,0.0,
Detailed trade matrix,Bolivia (Plurinational State of),China,Soybeans,Import Quantity (tonnes),2011,0.0,
Detailed trade matrix,Bolivia (Plurinational State of),"China, mainland",Soybeans,Import Quantity (tonnes),2011,0.0,
Detailed trade matrix,Bosnia and Herzegovina,Canada,Soybeans,Import Quantity (tonnes),2011,5.0,
Detailed trade matrix,Bosnia and Herzegovina,China,Soybeans,Import Quantity (tonnes),2011,1.0,
Detailed trade matrix,Bosnia and Herzegovina,"China, mainland",Soybeans,Import Quantity (tonnes),2011,1.0,
Detailed trade matrix,Bosnia and Herzegovina,Croatia,Soybeans,Import Quantity (tonnes),2011,13308.0,
Detailed trade matrix,Bosnia and Herzegovina,Germany,Soybeans,Import Quantity (tonnes),2011,0.0,
Detailed trade matrix,Bosnia and Herzegovina,Hungary,Soybeans,Import Quantity (tonnes),2011,2148.0,
Detailed trade matrix,Bosnia and Herzegovina,Italy,Soybeans,Import Quantity (tonnes),2011,0.0,
Detailed trade matrix,Bosnia and Herzegovina,Paraguay,Soybeans,Import Quantity (tonnes),2011,0.0,
Detailed trade matrix,Bosnia and Herzegovina,Serbia,Soybeans,Import Quantity (tonnes),2011,6992.0,
Detailed trade matrix,Botswana,China,Soybeans,Import Quantity (tonnes),2011,20.0,
Detailed trade matrix,Botswana,"China, Hong Kong SAR",Soybeans,Import Quantity (tonnes),2011,0.0,
Detailed trade matrix,Botswana,"China, mainland",Soybeans,Import Quantity (tonnes),2011,20.0,
Detailed trade matrix,Botswana,Malawi,Soybeans,Import Quantity (tonnes),2011,219.0,
Detailed trade matrix,Botswana,Mauritius,Soybeans,Import Quantity (tonnes),2011,6.0,
Detailed trade matrix,Botswana,Namibia,Soybeans,Import Quantity (tonnes),2011,17.0,
Detailed trade matrix,Botswana,South Africa,Soybeans,Import Quantity (tonnes),2011,2432.0,
Detailed trade matrix,Botswana,Zambia,Soybeans,Import Quantity (tonnes),2011,452.0,
Detailed trade matrix,Botswana,Zimbabwe,Soybeans,Import Quantity (tonnes),2011,30.0,
Detailed trade matrix,Brazil,Argentina,Soybeans,Import Quantity (tonnes),2011,87.0,
Detailed trade matrix,Brazil,Paraguay,Soybeans,Import Quantity (tonnes),2011,40892.0,
Detailed trade matrix,Brazil,United States of America,Soybeans,Import Quantity (tonnes),2011,1.0,
Detailed trade matrix,Bulgaria,Belgium,Soybeans,Import Quantity (tonnes),2011,29.0,
Detailed trade matrix,Bulgaria,Canada,Soybeans,Import Quantity (tonnes),2011,21.0,
Detailed trade matrix,Bulgaria,China,Soybeans,Import Quantity (tonnes),2011,4.0,
Detailed trade matrix,Bulgaria,"China, mainland",Soybeans,Import Quantity (tonnes),2011,4.0,
Detailed trade matrix,Bulgaria,Germany,Soybeans,Import Quantity (tonnes),2011,0.0,
Detailed trade matrix,Bulgaria,Greece,Soybeans,Import Quantity (tonnes),2011,0.0,
Detailed trade matrix,Bulgaria,Poland,Soybeans,Import Quantity (tonnes),2011,0.0,
Detailed trade matrix,Bulgaria,Republic of Korea,Soybeans,Import Quantity (tonnes),2011,1.0,
Detailed trade matrix,Bulgaria,Republic of Moldova,Soybeans,Import Quantity (tonnes),2011,125.0,
Detailed trade matrix,Bulgaria,Romania,Soybeans,Import Quantity (tonnes),2011,5868.0,
Detailed trade matrix,Bulgaria,Ukraine,Soybeans,Import Quantity (tonnes),2011,1597.0,
Detailed trade matrix,Burkina Faso,France,Soybeans,Import Quantity (tonnes),2011,0.0,
Detailed trade matrix,Cabo Verde,Brazil,Soybeans,Import Quantity (tonnes),2011,2.0,
Detailed trade matrix,Cabo Verde,China,Soybeans,Import Quantity (tonnes),2011,1.0,
Detailed trade matrix,Cabo Verde,"China, mainland",Soybeans,Import Quantity (tonnes),2011,1.0,
Detailed trade matrix,Cabo Verde,Portugal,Soybeans,Import Quantity (tonnes),2011,1.0,
Detailed trade matrix,Cambodia,Malaysia,Soybeans,Import Quantity (tonnes),2011,3.0,
Detailed trade matrix,Cambodia,Thailand,Soybeans,Import Quantity (tonnes),2011,70.0,
Detailed trade matrix,Cambodia,United States of America,Soybeans,Import Quantity (tonnes),2011,2.0,
Detailed trade matrix,Cameroon,China,Soybeans,Import Quantity (tonnes),2011,3.0,
Detailed trade matrix,Cameroon,"China, mainland",Soybeans,Import Quantity (tonnes),2011,3.0,
Detailed trade matrix,Cameroon,India,Soybeans,Import Quantity (tonnes),2011,0.0,
Detailed trade matrix,Canada,Argentina,Soybeans,Import Quantity (tonnes),2011,42.0,
Detailed trade matrix,Canada,Canada,Soybeans,Import Quantity (tonnes),2011,64.0,
Detailed trade matrix,Canada,Chile,Soybeans,Import Quantity (tonnes),2011,1168.0,
Detailed trade matrix,Canada,China,Soybeans,Import Quantity (tonnes),2011,3642.0,
Detailed trade matrix,Canada,"China, Hong Kong SAR",Soybeans,Import Quantity (tonnes),2011,12.0,
Detailed trade matrix,Canada,"China, mainland",Soybeans,Import Quantity (tonnes),2011,3333.0,
Detailed trade matrix,Canada,"China, Taiwan Province of",Soybeans,Import Quantity (tonnes),2011,297.0,
Detailed trade matrix,Canada,Czech Republic,Soybeans,Import Quantity (tonnes),2011,0.0,
Detailed trade matrix,Canada,Germany,Soybeans,Import Quantity (tonnes),2011,0.0,
Detailed trade matrix,Canada,India,Soybeans,Import Quantity (tonnes),2011,14218.0,
Detailed trade matrix,Canada,Indonesia,Soybeans,Import Quantity (tonnes),2011,83.0,
Detailed trade matrix,Canada,Iran (Islamic Republic of),Soybeans,Import Quantity (tonnes),2011,3.0,
Detailed trade matrix,Canada,Japan,Soybeans,Import Quantity (tonnes),2011,96.0,
Detailed trade matrix,Canada,Malaysia,Soybeans,Import Quantity (tonnes),2011,0.0,
Detailed trade matrix,Canada,Mexico,Soybeans,Import Quantity (tonnes),2011,0.0,
Detailed trade matrix,Canada,Philippines,Soybeans,Import Quantity (tonnes),2011,0.0,
Detailed trade matrix,Canada,Republic of Korea,Soybeans,Import Quantity (tonnes),2011,14.0,
Detailed trade matrix,Canada,Sri Lanka,Soybeans,Import Quantity (tonnes),2011,3.0,
Detailed trade matrix,Canada,Thailand,Soybeans,Import Quantity (tonnes),2011,0.0,
Detailed trade matrix,Canada,Ukraine,Soybeans,Import Quantity (tonnes),2011,0.0,
Detailed trade matrix,Canada,United Arab Emirates,Soybeans,Import Quantity (tonnes),2011,0.0,
Detailed trade matrix,Canada,United States of America,Soybeans,Import Quantity (tonnes),2011,271016.0,
Detailed trade matrix,Canada,Viet Nam,Soybeans,Import Quantity (tonnes),2011,17.0,
Detailed trade matrix,Chile,Argentina,Soybeans,Import Quantity (tonnes),2011,113437.0,
Detailed trade matrix,Chile,Austria,Soybeans,Import Quantity (tonnes),2011,0.0,
Detailed trade matrix,Chile,Brazil,Soybeans,Import Quantity (tonnes),2011,0.0,
Detailed trade matrix,Chile,Canada,Soybeans,Import Quantity (tonnes),2011,5.0,
Detailed trade matrix,Chile,Chile,Soybeans,Import Quantity (tonnes),2011,0.0,
Detailed trade matrix,Chile,China,Soybeans,Import Quantity (tonnes),2011,12.0,
Detailed trade matrix,Chile,"China, mainland",Soybeans,Import Quantity (tonnes),2011,12.0,
Detailed trade matrix,Chile,France,Soybeans,Import Quantity (tonnes),2011,0.0,
Detailed trade matrix,Chile,India,Soybeans,Import Quantity (tonnes),2011,0.0,
Detailed trade matrix,Chile,Italy,Soybeans,Import Quantity (tonnes),2011,2.0,
Detailed trade matrix,Chile,Japan,Soybeans,Import Quantity (tonnes),2011,0.0,
Detailed trade matrix,Chile,Netherlands,Soybeans,Import Quantity (tonnes),2011,0.0,
Detailed trade matrix,Chile,Paraguay,Soybeans,Import Quantity (tonnes),2011,24937.0,
Detailed trade matrix,Chile,United States of America,Soybeans,Import Quantity (tonnes),2011,119.0,
Detailed trade matrix,Chile,Unspecified,Soybeans,Import Quantity (tonnes),2011,0.0,
Detailed trade matrix,China,Argentina,Soybeans,Import Quantity (tonnes),2011,7781861.0,
Detailed trade matrix,China,Australia,Soybeans,Import Quantity (tonnes),2011,1268.0,
Detailed trade matrix,China,Belgium,Soybeans,Import Quantity (tonnes),2011,0.0,
Detailed trade matrix,China,Brazil,Soybeans,Import Quantity (tonnes),2011,2.1612207E7,
Detailed trade matrix,China,Canada,Soybeans,Import Quantity (tonnes),2011,425886.0,
Detailed trade matrix,China,Chile,Soybeans,Import Quantity (tonnes),2011,0.0,
Detailed trade matrix,China,Egypt,Soybeans,Import Quantity (tonnes),2011,0.0,
Detailed trade matrix,China,Germany,Soybeans,Import Quantity (tonnes),2011,0.0,
Detailed trade matrix,China,India,Soybeans,Import Quantity (tonnes),2011,1757.0,
Detailed trade matrix,China,Japan,Soybeans,Import Quantity (tonnes),2011,18.0,
Detailed trade matrix,China,Malaysia,Soybeans,Import Quantity (tonnes),2011,22.0,
Detailed trade matrix,China,Myanmar,Soybeans,Import Quantity (tonnes),2011,88.0,
Detailed trade matrix,China,Paraguay,Soybeans,Import Quantity (tonnes),2011,48025.0,
Detailed trade matrix,China,Republic of Korea,Soybeans,Import Quantity (tonnes),2011,78.0,
Detailed trade matrix,China,Russian Federation,Soybeans,Import Quantity (tonnes),2011,3678.0,
Detailed trade matrix,China,South Africa,Soybeans,Import Quantity (tonnes),2011,22.0,
Detailed trade matrix,China,Thailand,Soybeans,Import Quantity (tonnes),2011,221.0,
Detailed trade matrix,China,Ukraine,Soybeans,Import Quantity (tonnes),2011,6972.0,
Detailed trade matrix,China,United States of America,Soybeans,Import Quantity (tonnes),2011,2.3512591E7,
Detailed trade matrix,China,Uruguay,Soybeans,Import Quantity (tonnes),2011,1431106.0,
Detailed trade matrix,China,Viet Nam,Soybeans,Import Quantity (tonnes),2011,3.0,
Detailed trade matrix,"China, Hong Kong SAR",Canada,Soybeans,Import Quantity (tonnes),2011,30759.0,
Detailed trade matrix,"China, Hong Kong SAR","China, mainland",Soybeans,Import Quantity (tonnes),2011,3897.0,
Detailed trade matrix,"China, Hong Kong SAR",Egypt,Soybeans,Import Quantity (tonnes),2011,0.0,
Detailed trade matrix,"China, Hong Kong SAR",Germany,Soybeans,Import Quantity (tonnes),2011,0.0,
Detailed trade matrix,"China, Hong Kong SAR",Japan,Soybeans,Import Quantity (tonnes),2011,18.0,
Detailed trade matrix,"China, Hong Kong SAR",Republic of Korea,Soybeans,Import Quantity (tonnes),2011,78.0,
Detailed trade matrix,"China, Hong Kong SAR",United States of America,Soybeans,Import Quantity (tonnes),2011,505.0,
Detailed trade matrix,"China, Macao SAR",Canada,Soybeans,Import Quantity (tonnes),2011,453.0,
Detailed trade matrix,"China, Macao SAR","China, Hong Kong SAR",Soybeans,Import Quantity (tonnes),2011,0.0,
Detailed trade matrix,"China, Macao SAR","China, mainland",Soybeans,Import Quantity (tonnes),2011,65.0,
Detailed trade matrix,"China, Macao SAR","China, Taiwan Province of",Soybeans,Import Quantity (tonnes),2011,0.0,
Detailed trade matrix,"China, Macao SAR",India,Soybeans,Import Quantity (tonnes),2011,0.0,
Detailed trade matrix,"China, Macao SAR",Thailand,Soybeans,Import Quantity (tonnes),2011,0.0,
Detailed trade matrix,"China, Macao SAR",United States of America,Soybeans,Import Quantity (tonnes),2011,11.0,
Detailed trade matrix,"China, mainland",Argentina,Soybeans,Import Quantity (tonnes),2011,7781391.0,
Detailed trade matrix,"China, mainland",Belgium,Soybeans,Import Quantity (tonnes),2011,0.0,
Detailed trade matrix,"China, mainland",Brazil,Soybeans,Import Quantity (tonnes),2011,2.062187E7,
Detailed trade matrix,"China, mainland",Canada,Soybeans,Import Quantity (tonnes),2011,387971.0,
Detailed trade matrix,"China, mainland",Chile,Soybeans,Import Quantity (tonnes),2011,0.0,
Detailed trade matrix,"China, mainland",Russian Federation,Soybeans,Import Quantity (tonnes),2011,3678.0,
Detailed trade matrix,"China, mainland",Thailand,Soybeans,Import Quantity (tonnes),2011,0.0,
Detailed trade matrix,"China, mainland",United States of America,Soybeans,Import Quantity (tonnes),2011,2.222683E7,
Detailed trade matrix,"China, mainland",Uruguay,Soybeans,Import Quantity (tonnes),2011,1431106.0,
Detailed trade matrix,"China, Taiwan Province of",Argentina,Soybeans,Import Quantity (tonnes),2011,470.0,
Detailed trade matrix,"China, Taiwan Province of",Australia,Soybeans,Import Quantity (tonnes),2011,1268.0,
Detailed trade matrix,"China, Taiwan Province of",Brazil,Soybeans,Import Quantity (tonnes),2011,990337.0,
Detailed trade matrix,"China, Taiwan Province of",Canada,Soybeans,Import Quantity (tonnes),2011,6703.0,
Detailed trade matrix,"China, Taiwan Province of","China, mainland",Soybeans,Import Quantity (tonnes),2011,4597.0,
Detailed trade matrix,"China, Taiwan Province of",India,Soybeans,Import Quantity (tonnes),2011,1757.0,
Detailed trade matrix,"China, Taiwan Province of",Japan,Soybeans,Import Quantity (tonnes),2011,0.0,
Detailed trade matrix,"China, Taiwan Province of",Malaysia,Soybeans,Import Quantity (tonnes),2011,22.0,
Detailed trade matrix,"China, Taiwan Province of",Myanmar,Soybeans,Import Quantity (tonnes),2011,88.0,
Detailed trade matrix,"China, Taiwan Province of",Paraguay,Soybeans,Import Quantity (tonnes),2011,48025.0,
Detailed trade matrix,"China, Taiwan Province of",South Africa,Soybeans,Import Quantity (tonnes),2011,22.0,
Detailed trade matrix,"China, Taiwan Province of",Thailand,Soybeans,Import Quantity (tonnes),2011,221.0,
Detailed trade matrix,"China, Taiwan Province of",Ukraine,Soybeans,Import Quantity (tonnes),2011,6972.0,
Detailed trade matrix,"China, Taiwan Province of",United States of America,Soybeans,Import Quantity (tonnes),2011,1285245.0,
Detailed trade matrix,"China, Taiwan Province of",Viet Nam,Soybeans,Import Quantity (tonnes),2011,3.0,
Detailed trade matrix,Colombia,Argentina,Soybeans,Import Quantity (tonnes),2011,115767.0,
Detailed trade matrix,Colombia,Bolivia (Plurinational State of),Soybeans,Import Quantity (tonnes),2011,21.0,
Detailed trade matrix,Colombia,Brazil,Soybeans,Import Quantity (tonnes),2011,1.0,
Detailed trade matrix,Colombia,China,Soybeans,Import Quantity (tonnes),2011,3.0,
Detailed trade matrix,Colombia,"China, mainland",Soybeans,Import Quantity (tonnes),2011,0.0,
Detailed trade matrix,Colombia,"China, Taiwan Province of",Soybeans,Import Quantity (tonnes),2011,3.0,
Detailed trade matrix,Colombia,Ecuador,Soybeans,Import Quantity (tonnes),2011,34.0,
Detailed trade matrix,Colombia,Italy,Soybeans,Import Quantity (tonnes),2011,385.0,
Detailed trade matrix,Colombia,Panama,Soybeans,Import Quantity (tonnes),2011,1650.0,
Detailed trade matrix,Colombia,Paraguay,Soybeans,Import Quantity (tonnes),2011,67462.0,
Detailed trade matrix,Colombia,United States of America,Soybeans,Import Quantity (tonnes),2011,90615.0,
Detailed trade matrix,Costa Rica,Brazil,Soybeans,Import Quantity (tonnes),2011,8.0,
Detailed trade matrix,Costa Rica,Canada,Soybeans,Import Quantity (tonnes),2011,0.0,
Detailed trade matrix,Costa Rica,China,Soybeans,Import Quantity (tonnes),2011,3.0,
Detailed trade matrix,Costa Rica,"China, mainland",Soybeans,Import Quantity (tonnes),2011,3.0,
Detailed trade matrix,Costa Rica,Colombia,Soybeans,Import Quantity (tonnes),2011,0.0,
Detailed trade matrix,Costa Rica,Germany,Soybeans,Import Quantity (tonnes),2011,0.0,
Detailed trade matrix,Costa Rica,Honduras,Soybeans,Import Quantity (tonnes),2011,0.0,
Detailed trade matrix,Costa Rica,United States of America,Soybeans,Import Quantity (tonnes),2011,212440.0,
Detailed trade matrix,CÃ´te d'Ivoire,China,Soybeans,Import Quantity (tonnes),2011,0.0,
Detailed trade matrix,CÃ´te d'Ivoire,"China, mainland",Soybeans,Import Quantity (tonnes),2011,0.0,
Detailed trade matrix,CÃ´te d'Ivoire,Lebanon,Soybeans,Import Quantity (tonnes),2011,0.0,
Detailed trade matrix,CÃ´te d'Ivoire,Republic of Korea,Soybeans,Import Quantity (tonnes),2011,0.0,
Detailed trade matrix,Croatia,Austria,Soybeans,Import Quantity (tonnes),2011,187.0,
Detailed trade matrix,Croatia,Belgium,Soybeans,Import Quantity (tonnes),2011,9.0,
Detailed trade matrix,Croatia,China,Soybeans,Import Quantity (tonnes),2011,4.0,
Detailed trade matrix,Croatia,"China, mainland",Soybeans,Import Quantity (tonnes),2011,4.0,
Detailed trade matrix,Croatia,France,Soybeans,Import Quantity (tonnes),2011,4.0,
Detailed trade matrix,Croatia,Germany,Soybeans,Import Quantity (tonnes),2011,1.0,
Detailed trade matrix,Croatia,Hungary,Soybeans,Import Quantity (tonnes),2011,26.0,
Detailed trade matrix,Croatia,Italy,Soybeans,Import Quantity (tonnes),2011,2.0,
Detailed trade matrix,Croatia,Netherlands,Soybeans,Import Quantity (tonnes),2011,35.0,
Detailed trade matrix,Croatia,Serbia,Soybeans,Import Quantity (tonnes),2011,3621.0,
Detailed trade matrix,Cyprus,Germany,Soybeans,Import Quantity (tonnes),2011,0.0,
Detailed trade matrix,Cyprus,Greece,Soybeans,Import Quantity (tonnes),2011,0.0,
Detailed trade matrix,Cyprus,Italy,Soybeans,Import Quantity (tonnes),2011,50.0,
Detailed trade matrix,Cyprus,United Kingdom,Soybeans,Import Quantity (tonnes),2011,1.0,
Detailed trade matrix,Czech Republic,Austria,Soybeans,Import Quantity (tonnes),2011,764.0,
Detailed trade matrix,Czech Republic,Belgium,Soybeans,Import Quantity (tonnes),2011,1006.0,
Detailed trade matrix,Czech Republic,Canada,Soybeans,Import Quantity (tonnes),2011,447.0,
Detailed trade matrix,Czech Republic,China,Soybeans,Import Quantity (tonnes),2011,66.0,
Detailed trade matrix,Czech Republic,"China, mainland",Soybeans,Import Quantity (tonnes),2011,66.0,
Detailed trade matrix,Czech Republic,Croatia,Soybeans,Import Quantity (tonnes),2011,49.0,
Detailed trade matrix,Czech Republic,Denmark,Soybeans,Import Quantity (tonnes),2011,1.0,
Detailed trade matrix,Czech Republic,Germany,Soybeans,Import Quantity (tonnes),2011,24538.0,
Detailed trade matrix,Czech Republic,Italy,Soybeans,Import Quantity (tonnes),2011,13.0,
Detailed trade matrix,Czech Republic,Netherlands,Soybeans,Import Quantity (tonnes),2011,1351.0,
Detailed trade matrix,Czech Republic,Poland,Soybeans,Import Quantity (tonnes),2011,0.0,
Detailed trade matrix,Czech Republic,Portugal,Soybeans,Import Quantity (tonnes),2011,0.0,
Detailed trade matrix,Czech Republic,Slovakia,Soybeans,Import Quantity (tonnes),2011,1672.0,
Detailed trade matrix,Czech Republic,Sweden,Soybeans,Import Quantity (tonnes),2011,24.0,
Detailed trade matrix,Czech Republic,Ukraine,Soybeans,Import Quantity (tonnes),2011,80.0,
Detailed trade matrix,Czech Republic,United Kingdom,Soybeans,Import Quantity (tonnes),2011,2.0,
Detailed trade matrix,Czech Republic,Viet Nam,Soybeans,Import Quantity (tonnes),2011,27.0,
Detailed trade matrix,Denmark,Argentina,Soybeans,Import Quantity (tonnes),2011,39.0,
Detailed trade matrix,Denmark,Australia,Soybeans,Import Quantity (tonnes),2011,0.0,
Detailed trade matrix,Denmark,Austria,Soybeans,Import Quantity (tonnes),2011,354.0,
Detailed trade matrix,Denmark,Belgium,Soybeans,Import Quantity (tonnes),2011,1290.0,
Detailed trade matrix,Denmark,Canada,Soybeans,Import Quantity (tonnes),2011,63835.0,
Detailed trade matrix,Denmark,Germany,Soybeans,Import Quantity (tonnes),2011,5378.0,
Detailed trade matrix,Denmark,Italy,Soybeans,Import Quantity (tonnes),2011,8902.0,
Detailed trade matrix,Denmark,Lithuania,Soybeans,Import Quantity (tonnes),2011,123.0,
Detailed trade matrix,Denmark,Netherlands,Soybeans,Import Quantity (tonnes),2011,1247.0,
Detailed trade matrix,Denmark,Sri Lanka,Soybeans,Import Quantity (tonnes),2011,0.0,
Detailed trade matrix,Denmark,Sweden,Soybeans,Import Quantity (tonnes),2011,1.0,
Detailed trade matrix,Denmark,Thailand,Soybeans,Import Quantity (tonnes),2011,56.0,
Detailed trade matrix,Denmark,United Kingdom,Soybeans,Import Quantity (tonnes),2011,4.0,
Detailed trade matrix,Ecuador,Brazil,Soybeans,Import Quantity (tonnes),2011,0.0,
Detailed trade matrix,Ecuador,Colombia,Soybeans,Import Quantity (tonnes),2011,339.0,
Detailed trade matrix,Ecuador,Japan,Soybeans,Import Quantity (tonnes),2011,0.0,
Detailed trade matrix,Ecuador,United States of America,Soybeans,Import Quantity (tonnes),2011,10.0,
Detailed trade matrix,Egypt,Argentina,Soybeans,Import Quantity (tonnes),2011,413166.0,
Detailed trade matrix,Egypt,Brazil,Soybeans,Import Quantity (tonnes),2011,16950.0,
Detailed trade matrix,Egypt,Canada,Soybeans,Import Quantity (tonnes),2011,89890.0,
Detailed trade matrix,Egypt,China,Soybeans,Import Quantity (tonnes),2011,11.0,
Detailed trade matrix,Egypt,"China, mainland",Soybeans,Import Quantity (tonnes),2011,11.0,
Detailed trade matrix,Egypt,India,Soybeans,Import Quantity (tonnes),2011,0.0,
Detailed trade matrix,Egypt,Thailand,Soybeans,Import Quantity (tonnes),2011,0.0,
Detailed trade matrix,Egypt,Ukraine,Soybeans,Import Quantity (tonnes),2011,110133.0,
Detailed trade matrix,Egypt,United States of America,Soybeans,Import Quantity (tonnes),2011,485646.0,
Detailed trade matrix,El Salvador,China,Soybeans,Import Quantity (tonnes),2011,0.0,
Detailed trade matrix,El Salvador,"China, Taiwan Province of",Soybeans,Import Quantity (tonnes),2011,0.0,
Detailed trade matrix,El Salvador,Colombia,Soybeans,Import Quantity (tonnes),2011,0.0,
Detailed trade matrix,El Salvador,Guatemala,Soybeans,Import Quantity (tonnes),2011,19.0,
Detailed trade matrix,El Salvador,Nicaragua,Soybeans,Import Quantity (tonnes),2011,217.0,
Detailed trade matrix,El Salvador,United States of America,Soybeans,Import Quantity (tonnes),2011,0.0,
Detailed trade matrix,Estonia,Austria,Soybeans,Import Quantity (tonnes),2011,2.0,
Detailed trade matrix,Estonia,Belgium,Soybeans,Import Quantity (tonnes),2011,1.0,
Detailed trade matrix,Estonia,China,Soybeans,Import Quantity (tonnes),2011,17.0,
Detailed trade matrix,Estonia,"China, mainland",Soybeans,Import Quantity (tonnes),2011,17.0,
Detailed trade matrix,Estonia,Denmark,Soybeans,Import Quantity (tonnes),2011,5.0,
Detailed trade matrix,Estonia,Finland,Soybeans,Import Quantity (tonnes),2011,2.0,
Detailed trade matrix,Estonia,Germany,Soybeans,Import Quantity (tonnes),2011,0.0,
Detailed trade matrix,Estonia,Latvia,Soybeans,Import Quantity (tonnes),2011,1784.0,
Detailed trade matrix,Estonia,Lithuania,Soybeans,Import Quantity (tonnes),2011,5.0,
Detailed trade matrix,Estonia,Netherlands,Soybeans,Import Quantity (tonnes),2011,144.0,
Detailed trade matrix,Estonia,Slovakia,Soybeans,Import Quantity (tonnes),2011,25.0,
Detailed trade matrix,Ethiopia,China,Soybeans,Import Quantity (tonnes),2011,3.0,
Detailed trade matrix,Ethiopia,"China, mainland",Soybeans,Import Quantity (tonnes),2011,3.0,
Detailed trade matrix,Ethiopia,Ethiopia,Soybeans,Import Quantity (tonnes),2011,3.0,
Detailed trade matrix,Ethiopia,India,Soybeans,Import Quantity (tonnes),2011,1400.0,
Detailed trade matrix,Fiji,Australia,Soybeans,Import Quantity (tonnes),2011,1.0,
Detailed trade matrix,Fiji,China,Soybeans,Import Quantity (tonnes),2011,6.0,
Detailed trade matrix,Fiji,"China, Hong Kong SAR",Soybeans,Import Quantity (tonnes),2011,1.0,
Detailed trade matrix,Fiji,"China, mainland",Soybeans,Import Quantity (tonnes),2011,5.0,
Detailed trade matrix,Fiji,India,Soybeans,Import Quantity (tonnes),2011,5.0,
Detailed trade matrix,Fiji,Japan,Soybeans,Import Quantity (tonnes),2011,0.0,
Detailed trade matrix,Fiji,New Zealand,Soybeans,Import Quantity (tonnes),2011,0.0,
Detailed trade matrix,Finland,Belgium,Soybeans,Import Quantity (tonnes),2011,2514.0,
Detailed trade matrix,Finland,Canada,Soybeans,Import Quantity (tonnes),2011,3150.0,
Detailed trade matrix,Finland,China,Soybeans,Import Quantity (tonnes),2011,4.0,
Detailed trade matrix,Finland,"China, mainland",Soybeans,Import Quantity (tonnes),2011,4.0,
Detailed trade matrix,Finland,Denmark,Soybeans,Import Quantity (tonnes),2011,53.0,
Detailed trade matrix,Finland,Estonia,Soybeans,Import Quantity (tonnes),2011,5.0,
Detailed trade matrix,Finland,France,Soybeans,Import Quantity (tonnes),2011,6.0,
Detailed trade matrix,Finland,Germany,Soybeans,Import Quantity (tonnes),2011,5.0,
Detailed trade matrix,Finland,Italy,Soybeans,Import Quantity (tonnes),2011,22.0,
Detailed trade matrix,Finland,Netherlands,Soybeans,Import Quantity (tonnes),2011,127.0,
Detailed trade matrix,Finland,Sweden,Soybeans,Import Quantity (tonnes),2011,31.0,
Detailed trade matrix,Finland,United Kingdom,Soybeans,Import Quantity (tonnes),2011,0.0,
Detailed trade matrix,Finland,United States of America,Soybeans,Import Quantity (tonnes),2011,304.0,
Detailed trade matrix,France,Austria,Soybeans,Import Quantity (tonnes),2011,527.0,
Detailed trade matrix,France,Belgium,Soybeans,Import Quantity (tonnes),2011,28561.0,
Detailed trade matrix,France,Brazil,Soybeans,Import Quantity (tonnes),2011,124851.0,
Detailed trade matrix,France,Canada,Soybeans,Import Quantity (tonnes),2011,105427.0,
Detailed trade matrix,France,Chile,Soybeans,Import Quantity (tonnes),2011,0.0,
Detailed trade matrix,France,China,Soybeans,Import Quantity (tonnes),2011,87.0,
Detailed trade matrix,France,"China, mainland",Soybeans,Import Quantity (tonnes),2011,87.0,
Detailed trade matrix,France,Germany,Soybeans,Import Quantity (tonnes),2011,415.0,
Detailed trade matrix,France,India,Soybeans,Import Quantity (tonnes),2011,80.0,
Detailed trade matrix,France,Italy,Soybeans,Import Quantity (tonnes),2011,13034.0,
Detailed trade matrix,France,Japan,Soybeans,Import Quantity (tonnes),2011,2.0,
Detailed trade matrix,France,Mauritius,Soybeans,Import Quantity (tonnes),2011,0.0,
Detailed trade matrix,France,Netherlands,Soybeans,Import Quantity (tonnes),2011,6872.0,
Detailed trade matrix,France,Paraguay,Soybeans,Import Quantity (tonnes),2011,173266.0,
Detailed trade matrix,France,Republic of Korea,Soybeans,Import Quantity (tonnes),2011,0.0,
Detailed trade matrix,France,Romania,Soybeans,Import Quantity (tonnes),2011,47.0,
Detailed trade matrix,France,Spain,Soybeans,Import Quantity (tonnes),2011,6243.0,
Detailed trade matrix,France,Switzerland,Soybeans,Import Quantity (tonnes),2011,22.0,
Detailed trade matrix,France,Thailand,Soybeans,Import Quantity (tonnes),2011,2.0,
Detailed trade matrix,France,Trinidad and Tobago,Soybeans,Import Quantity (tonnes),2011,0.0,
Detailed trade matrix,France,United Kingdom,Soybeans,Import Quantity (tonnes),2011,37.0,
Detailed trade matrix,France,United States of America,Soybeans,Import Quantity (tonnes),2011,212164.0,
Detailed trade matrix,French Polynesia,Canada,Soybeans,Import Quantity (tonnes),2011,2.0,
Detailed trade matrix,French Polynesia,China,Soybeans,Import Quantity (tonnes),2011,0.0,
Detailed trade matrix,French Polynesia,"China, mainland",Soybeans,Import Quantity (tonnes),2011,0.0,
Detailed trade matrix,French Polynesia,"China, Taiwan Province of",Soybeans,Import Quantity (tonnes),2011,0.0,
Detailed trade matrix,French Polynesia,France,Soybeans,Import Quantity (tonnes),2011,0.0,
Detailed trade matrix,French Polynesia,Italy,Soybeans,Import Quantity (tonnes),2011,0.0,
Detailed trade matrix,French Polynesia,Thailand,Soybeans,Import Quantity (tonnes),2011,2.0,
Detailed trade matrix,French Polynesia,United States of America,Soybeans,Import Quantity (tonnes),2011,1.0,
Detailed trade matrix,Georgia,Italy,Soybeans,Import Quantity (tonnes),2011,6.0,
Detailed trade matrix,Georgia,Turkey,Soybeans,Import Quantity (tonnes),2011,1.0,
Detailed trade matrix,Germany,Argentina,Soybeans,Import Quantity (tonnes),2011,0.0,
Detailed trade matrix,Germany,Austria,Soybeans,Import Quantity (tonnes),2011,10469.0,
Detailed trade matrix,Germany,Belgium,Soybeans,Import Quantity (tonnes),2011,5245.0,
Detailed trade matrix,Germany,Brazil,Soybeans,Import Quantity (tonnes),2011,725156.0,
Detailed trade matrix,Germany,Canada,Soybeans,Import Quantity (tonnes),2011,278083.0,
Detailed trade matrix,Germany,China,Soybeans,Import Quantity (tonnes),2011,2261.0,
Detailed trade matrix,Germany,"China, mainland",Soybeans,Import Quantity (tonnes),2011,2261.0,
Detailed trade matrix,Germany,Costa Rica,Soybeans,Import Quantity (tonnes),2011,0.0,
Detailed trade matrix,Germany,Czech Republic,Soybeans,Import Quantity (tonnes),2011,2039.0,
Detailed trade matrix,Germany,Denmark,Soybeans,Import Quantity (tonnes),2011,3168.0,
Detailed trade matrix,Germany,France,Soybeans,Import Quantity (tonnes),2011,2113.0,
Detailed trade matrix,Germany,Hungary,Soybeans,Import Quantity (tonnes),2011,171.0,
Detailed trade matrix,Germany,India,Soybeans,Import Quantity (tonnes),2011,4.0,
Detailed trade matrix,Germany,Italy,Soybeans,Import Quantity (tonnes),2011,20529.0,
Detailed trade matrix,Germany,Japan,Soybeans,Import Quantity (tonnes),2011,36.0,
Detailed trade matrix,Germany,Luxembourg,Soybeans,Import Quantity (tonnes),2011,406.0,
Detailed trade matrix,Germany,Netherlands,Soybeans,Import Quantity (tonnes),2011,934523.0,
Detailed trade matrix,Germany,Paraguay,Soybeans,Import Quantity (tonnes),2011,448414.0,
Detailed trade matrix,Germany,Republic of Korea,Soybeans,Import Quantity (tonnes),2011,4.0,
Detailed trade matrix,Germany,Romania,Soybeans,Import Quantity (tonnes),2011,7615.0,
Detailed trade matrix,Germany,Switzerland,Soybeans,Import Quantity (tonnes),2011,35.0,
Detailed trade matrix,Germany,Thailand,Soybeans,Import Quantity (tonnes),2011,7.0,
Detailed trade matrix,Germany,Ukraine,Soybeans,Import Quantity (tonnes),2011,55065.0,
Detailed trade matrix,Germany,United Kingdom,Soybeans,Import Quantity (tonnes),2011,20.0,
Detailed trade matrix,Germany,United States of America,Soybeans,Import Quantity (tonnes),2011,496484.0,
Detailed trade matrix,Germany,Uruguay,Soybeans,Import Quantity (tonnes),2011,197733.0,
Detailed trade matrix,Ghana,China,Soybeans,Import Quantity (tonnes),2011,0.0,
Detailed trade matrix,Ghana,"China, mainland",Soybeans,Import Quantity (tonnes),2011,0.0,
Detailed trade matrix,Ghana,France,Soybeans,Import Quantity (tonnes),2011,0.0,
Detailed trade matrix,Ghana,Republic of Korea,Soybeans,Import Quantity (tonnes),2011,2.0,
Detailed trade matrix,Ghana,South Africa,Soybeans,Import Quantity (tonnes),2011,0.0,
Detailed trade matrix,Ghana,Togo,Soybeans,Import Quantity (tonnes),2011,1.0,
Detailed trade matrix,Ghana,United Arab Emirates,Soybeans,Import Quantity (tonnes),2011,0.0,
Detailed trade matrix,Ghana,United Kingdom,Soybeans,Import Quantity (tonnes),2011,1.0,
Detailed trade matrix,Ghana,United States of America,Soybeans,Import Quantity (tonnes),2011,105.0,
Detailed trade matrix,Greece,Belgium,Soybeans,Import Quantity (tonnes),2011,30.0,
Detailed trade matrix,Greece,Brazil,Soybeans,Import Quantity (tonnes),2011,43272.0,
Detailed trade matrix,Greece,Croatia,Soybeans,Import Quantity (tonnes),2011,11458.0,
Detailed trade matrix,Greece,Cyprus,Soybeans,Import Quantity (tonnes),2011,5.0,
Detailed trade matrix,Greece,Germany,Soybeans,Import Quantity (tonnes),2011,214.0,
Detailed trade matrix,Greece,Italy,Soybeans,Import Quantity (tonnes),2011,1329.0,
Detailed trade matrix,Greece,Netherlands,Soybeans,Import Quantity (tonnes),2011,74.0,
Detailed trade matrix,Greece,Paraguay,Soybeans,Import Quantity (tonnes),2011,108416.0,
Detailed trade matrix,Greece,Republic of Moldova,Soybeans,Import Quantity (tonnes),2011,7286.0,
Detailed trade matrix,Greece,Romania,Soybeans,Import Quantity (tonnes),2011,514.0,
Detailed trade matrix,Greece,Serbia,Soybeans,Import Quantity (tonnes),2011,19584.0,
Detailed trade matrix,Greece,Spain,Soybeans,Import Quantity (tonnes),2011,0.0,
Detailed trade matrix,Greece,Ukraine,Soybeans,Import Quantity (tonnes),2011,29923.0,
Detailed trade matrix,Greece,United States of America,Soybeans,Import Quantity (tonnes),2011,44092.0,
Detailed trade matrix,Guatemala,Argentina,Soybeans,Import Quantity (tonnes),2011,10.0,
Detailed trade matrix,Guatemala,Canada,Soybeans,Import Quantity (tonnes),2011,21.0,
Detailed trade matrix,Guatemala,China,Soybeans,Import Quantity (tonnes),2011,10.0,
Detailed trade matrix,Guatemala,"China, mainland",Soybeans,Import Quantity (tonnes),2011,10.0,
Detailed trade matrix,Guatemala,Mexico,Soybeans,Import Quantity (tonnes),2011,0.0,
Detailed trade matrix,Guatemala,Nicaragua,Soybeans,Import Quantity (tonnes),2011,13.0,
Detailed trade matrix,Guatemala,Spain,Soybeans,Import Quantity (tonnes),2011,0.0,
Detailed trade matrix,Guatemala,United States of America,Soybeans,Import Quantity (tonnes),2011,13679.0,
Detailed trade matrix,Guyana,United States of America,Soybeans,Import Quantity (tonnes),2011,292.0,*
Detailed trade matrix,Hungary,Austria,Soybeans,Import Quantity (tonnes),2011,682.0,
Detailed trade matrix,Hungary,Belgium,Soybeans,Import Quantity (tonnes),2011,430.0,
Detailed trade matrix,Hungary,Bosnia and Herzegovina,Soybeans,Import Quantity (tonnes),2011,25.0,
Detailed trade matrix,Hungary,Canada,Soybeans,Import Quantity (tonnes),2011,3.0,
Detailed trade matrix,Hungary,China,Soybeans,Import Quantity (tonnes),2011,95.0,
Detailed trade matrix,Hungary,"China, mainland",Soybeans,Import Quantity (tonnes),2011,95.0,
Detailed trade matrix,Hungary,Croatia,Soybeans,Import Quantity (tonnes),2011,7146.0,
Detailed trade matrix,Hungary,France,Soybeans,Import Quantity (tonnes),2011,12.0,
Detailed trade matrix,Hungary,Germany,Soybeans,Import Quantity (tonnes),2011,1.0,
Detailed trade matrix,Hungary,Italy,Soybeans,Import Quantity (tonnes),2011,418.0,
Detailed trade matrix,Hungary,Netherlands,Soybeans,Import Quantity (tonnes),2011,13737.0,
Detailed trade matrix,Hungary,Romania,Soybeans,Import Quantity (tonnes),2011,860.0,
Detailed trade matrix,Hungary,Serbia,Soybeans,Import Quantity (tonnes),2011,2539.0,
Detailed trade matrix,Hungary,Slovakia,Soybeans,Import Quantity (tonnes),2011,125.0,
Detailed trade matrix,Hungary,Slovenia,Soybeans,Import Quantity (tonnes),2011,598.0,
Detailed trade matrix,Hungary,Switzerland,Soybeans,Import Quantity (tonnes),2011,0.0,
Detailed trade matrix,Hungary,Ukraine,Soybeans,Import Quantity (tonnes),2011,43.0,
Detailed trade matrix,Hungary,United States of America,Soybeans,Import Quantity (tonnes),2011,0.0,
Detailed trade matrix,Iceland,Austria,Soybeans,Import Quantity (tonnes),2011,2.0,
Detailed trade matrix,Iceland,Canada,Soybeans,Import Quantity (tonnes),2011,0.0,
Detailed trade matrix,Iceland,China,Soybeans,Import Quantity (tonnes),2011,0.0,
Detailed trade matrix,Iceland,"China, mainland",Soybeans,Import Quantity (tonnes),2011,0.0,
Detailed trade matrix,Iceland,Denmark,Soybeans,Import Quantity (tonnes),2011,0.0,
Detailed trade matrix,Iceland,Japan,Soybeans,Import Quantity (tonnes),2011,1.0,
Detailed trade matrix,Iceland,Netherlands,Soybeans,Import Quantity (tonnes),2011,0.0,
Detailed trade matrix,Iceland,Thailand,Soybeans,Import Quantity (tonnes),2011,0.0,
Detailed trade matrix,Iceland,United Kingdom,Soybeans,Import Quantity (tonnes),2011,2.0,
Detailed trade matrix,Iceland,United States of America,Soybeans,Import Quantity (tonnes),2011,0.0,
Detailed trade matrix,India,China,Soybeans,Import Quantity (tonnes),2011,121.0,
Detailed trade matrix,India,"China, mainland",Soybeans,Import Quantity (tonnes),2011,121.0,
Detailed trade matrix,Indonesia,Argentina,Soybeans,Import Quantity (tonnes),2011,73037.0,
Detailed trade matrix,Indonesia,Brazil,Soybeans,Import Quantity (tonnes),2011,13550.0,
Detailed trade matrix,Indonesia,Canada,Soybeans,Import Quantity (tonnes),2011,4764.0,
Detailed trade matrix,Indonesia,China,Soybeans,Import Quantity (tonnes),2011,3023.0,
Detailed trade matrix,Indonesia,"China, mainland",Soybeans,Import Quantity (tonnes),2011,1620.0,
Detailed trade matrix,Indonesia,"China, Taiwan Province of",Soybeans,Import Quantity (tonnes),2011,1403.0,
Detailed trade matrix,Indonesia,Ethiopia,Soybeans,Import Quantity (tonnes),2011,584.0,
Detailed trade matrix,Indonesia,India,Soybeans,Import Quantity (tonnes),2011,313.0,
Detailed trade matrix,Indonesia,Malaysia,Soybeans,Import Quantity (tonnes),2011,120074.0,
Detailed trade matrix,Indonesia,Paraguay,Soybeans,Import Quantity (tonnes),2011,2149.0,
Detailed trade matrix,Indonesia,Singapore,Soybeans,Import Quantity (tonnes),2011,1971.0,
Detailed trade matrix,Indonesia,Thailand,Soybeans,Import Quantity (tonnes),2011,3705.0,
Detailed trade matrix,Indonesia,Ukraine,Soybeans,Import Quantity (tonnes),2011,721.0,
Detailed trade matrix,Indonesia,United States of America,Soybeans,Import Quantity (tonnes),2011,1847900.0,
Detailed trade matrix,Indonesia,Uruguay,Soybeans,Import Quantity (tonnes),2011,16825.0,
Detailed trade matrix,Iran (Islamic Republic of),Unspecified,Soybeans,Import Quantity (tonnes),2011,838028.0,
Detailed trade matrix,Ireland,Austria,Soybeans,Import Quantity (tonnes),2011,6.0,
Detailed trade matrix,Ireland,Canada,Soybeans,Import Quantity (tonnes),2011,82.0,
Detailed trade matrix,Ireland,Denmark,Soybeans,Import Quantity (tonnes),2011,1.0,
Detailed trade matrix,Ireland,Germany,Soybeans,Import Quantity (tonnes),2011,10.0,
Detailed trade matrix,Ireland,Italy,Soybeans,Import Quantity (tonnes),2011,33.0,
Detailed trade matrix,Ireland,Mexico,Soybeans,Import Quantity (tonnes),2011,0.0,
Detailed trade matrix,Ireland,Netherlands,Soybeans,Import Quantity (tonnes),2011,454.0,
Detailed trade matrix,Ireland,Nigeria,Soybeans,Import Quantity (tonnes),2011,14.0,
Detailed trade matrix,Ireland,United Kingdom,Soybeans,Import Quantity (tonnes),2011,4553.0,
Detailed trade matrix,Ireland,United States of America,Soybeans,Import Quantity (tonnes),2011,8808.0,
Detailed trade matrix,Israel,Argentina,Soybeans,Import Quantity (tonnes),2011,1000.0,
Detailed trade matrix,Israel,Canada,Soybeans,Import Quantity (tonnes),2011,1319.0,
Detailed trade matrix,Israel,China,Soybeans,Import Quantity (tonnes),2011,1220.0,
Detailed trade matrix,Israel,"China, mainland",Soybeans,Import Quantity (tonnes),2011,1220.0,
Detailed trade matrix,Israel,Greece,Soybeans,Import Quantity (tonnes),2011,1407.0,
Detailed trade matrix,Israel,India,Soybeans,Import Quantity (tonnes),2011,3.0,
Detailed trade matrix,Israel,Japan,Soybeans,Import Quantity (tonnes),2011,4.0,
Detailed trade matrix,Israel,Netherlands,Soybeans,Import Quantity (tonnes),2011,20639.0,
Detailed trade matrix,Israel,Switzerland,Soybeans,Import Quantity (tonnes),2011,126561.0,
Detailed trade matrix,Israel,Thailand,Soybeans,Import Quantity (tonnes),2011,3.0,
Detailed trade matrix,Israel,United States of America,Soybeans,Import Quantity (tonnes),2011,271068.0,
Detailed trade matrix,Italy,Argentina,Soybeans,Import Quantity (tonnes),2011,24637.0,
Detailed trade matrix,Italy,Austria,Soybeans,Import Quantity (tonnes),2011,19996.0,
Detailed trade matrix,Italy,Belgium,Soybeans,Import Quantity (tonnes),2011,600.0,
Detailed trade matrix,Italy,Brazil,Soybeans,Import Quantity (tonnes),2011,17636.0,
Detailed trade matrix,Italy,Canada,Soybeans,Import Quantity (tonnes),2011,23248.0,
Detailed trade matrix,Italy,China,Soybeans,Import Quantity (tonnes),2011,73.0,
Detailed trade matrix,Italy,"China, mainland",Soybeans,Import Quantity (tonnes),2011,73.0,
Detailed trade matrix,Italy,Croatia,Soybeans,Import Quantity (tonnes),2011,7922.0,
Detailed trade matrix,Italy,Denmark,Soybeans,Import Quantity (tonnes),2011,14.0,
Detailed trade matrix,Italy,France,Soybeans,Import Quantity (tonnes),2011,2167.0,
Detailed trade matrix,Italy,Germany,Soybeans,Import Quantity (tonnes),2011,436.0,
Detailed trade matrix,Italy,Greece,Soybeans,Import Quantity (tonnes),2011,7.0,
Detailed trade matrix,Italy,Hungary,Soybeans,Import Quantity (tonnes),2011,8348.0,
Detailed trade matrix,Italy,Japan,Soybeans,Import Quantity (tonnes),2011,4.0,
Detailed trade matrix,Italy,Kazakhstan,Soybeans,Import Quantity (tonnes),2011,12364.0,
Detailed trade matrix,Italy,Lithuania,Soybeans,Import Quantity (tonnes),2011,95.0,
Detailed trade matrix,Italy,Netherlands,Soybeans,Import Quantity (tonnes),2011,314.0,
Detailed trade matrix,Italy,Paraguay,Soybeans,Import Quantity (tonnes),2011,431686.0,
Detailed trade matrix,Italy,Republic of Moldova,Soybeans,Import Quantity (tonnes),2011,4221.0,
Detailed trade matrix,Italy,Romania,Soybeans,Import Quantity (tonnes),2011,19598.0,
Detailed trade matrix,Italy,Serbia,Soybeans,Import Quantity (tonnes),2011,164.0,
Detailed trade matrix,Italy,Slovenia,Soybeans,Import Quantity (tonnes),2011,303241.0,
Detailed trade matrix,Italy,South Africa,Soybeans,Import Quantity (tonnes),2011,0.0,
Detailed trade matrix,Italy,Spain,Soybeans,Import Quantity (tonnes),2011,64.0,
Detailed trade matrix,Italy,Sri Lanka,Soybeans,Import Quantity (tonnes),2011,0.0,
Detailed trade matrix,Italy,Switzerland,Soybeans,Import Quantity (tonnes),2011,20.0,
Detailed trade matrix,Italy,Ukraine,Soybeans,Import Quantity (tonnes),2011,355596.0,
Detailed trade matrix,Italy,United Kingdom,Soybeans,Import Quantity (tonnes),2011,0.0,
Detailed trade matrix,Italy,United States of America,Soybeans,Import Quantity (tonnes),2011,8266.0,
Detailed trade matrix,Japan,Argentina,Soybeans,Import Quantity (tonnes),2011,614.0,
Detailed trade matrix,Japan,Brazil,Soybeans,Import Quantity (tonnes),2011,533477.0,
Detailed trade matrix,Japan,Canada,Soybeans,Import Quantity (tonnes),2011,354996.0,
Detailed trade matrix,Japan,China,Soybeans,Import Quantity (tonnes),2011,44404.0,
Detailed trade matrix,Japan,"China, mainland",Soybeans,Import Quantity (tonnes),2011,44404.0,
Detailed trade matrix,Japan,Paraguay,Soybeans,Import Quantity (tonnes),2011,3016.0,
Detailed trade matrix,Japan,Republic of Korea,Soybeans,Import Quantity (tonnes),2011,0.0,
Detailed trade matrix,Japan,United States of America,Soybeans,Import Quantity (tonnes),2011,1894174.0,
Detailed trade matrix,Japan,Uruguay,Soybeans,Import Quantity (tonnes),2011,92.0,
Detailed trade matrix,Jordan,China,Soybeans,Import Quantity (tonnes),2011,2.0,
Detailed trade matrix,Jordan,"China, mainland",Soybeans,Import Quantity (tonnes),2011,2.0,
Detailed trade matrix,Jordan,Egypt,Soybeans,Import Quantity (tonnes),2011,5.0,
Detailed trade matrix,Jordan,India,Soybeans,Import Quantity (tonnes),2011,5.0,
Detailed trade matrix,Jordan,Japan,Soybeans,Import Quantity (tonnes),2011,2.0,
Detailed trade matrix,Jordan,Sri Lanka,Soybeans,Import Quantity (tonnes),2011,0.0,
Detailed trade matrix,Jordan,United States of America,Soybeans,Import Quantity (tonnes),2011,9.0,
Detailed trade matrix,Kazakhstan,China,Soybeans,Import Quantity (tonnes),2011,349.0,
Detailed trade matrix,Kazakhstan,"China, mainland",Soybeans,Import Quantity (tonnes),2011,349.0,
Detailed trade matrix,Kazakhstan,Italy,Soybeans,Import Quantity (tonnes),2011,0.0,
Detailed trade matrix,Kazakhstan,Russian Federation,Soybeans,Import Quantity (tonnes),2011,1.0,
Detailed trade matrix,Kazakhstan,Serbia,Soybeans,Import Quantity (tonnes),2011,60.0,
Detailed trade matrix,Kazakhstan,Ukraine,Soybeans,Import Quantity (tonnes),2011,0.0,
Detailed trade matrix,Kyrgyzstan,Kazakhstan,Soybeans,Import Quantity (tonnes),2011,3562.0,
Detailed trade matrix,Kyrgyzstan,United States of America,Soybeans,Import Quantity (tonnes),2011,10.0,
Detailed trade matrix,Latvia,Denmark,Soybeans,Import Quantity (tonnes),2011,5458.0,
Detailed trade matrix,Latvia,Germany,Soybeans,Import Quantity (tonnes),2011,1118.0,
Detailed trade matrix,Latvia,Lithuania,Soybeans,Import Quantity (tonnes),2011,4883.0,
Detailed trade matrix,Latvia,Netherlands,Soybeans,Import Quantity (tonnes),2011,19503.0,
Detailed trade matrix,Latvia,Poland,Soybeans,Import Quantity (tonnes),2011,1.0,
Detailed trade matrix,Lebanon,China,Soybeans,Import Quantity (tonnes),2011,0.0,
Detailed trade matrix,Lebanon,"China, mainland",Soybeans,Import Quantity (tonnes),2011,0.0,
Detailed trade matrix,Lebanon,Egypt,Soybeans,Import Quantity (tonnes),2011,0.0,
Detailed trade matrix,Lebanon,France,Soybeans,Import Quantity (tonnes),2011,1.0,
Detailed trade matrix,Lebanon,India,Soybeans,Import Quantity (tonnes),2011,3.0,
Detailed trade matrix,Lebanon,Italy,Soybeans,Import Quantity (tonnes),2011,0.0,
Detailed trade matrix,Lebanon,Japan,Soybeans,Import Quantity (tonnes),2011,0.0,
Detailed trade matrix,Lebanon,Netherlands,Soybeans,Import Quantity (tonnes),2011,0.0,
Detailed trade matrix,Lithuania,Canada,Soybeans,Import Quantity (tonnes),2011,20.0,
Detailed trade matrix,Lithuania,Czech Republic,Soybeans,Import Quantity (tonnes),2011,9.0,
Detailed trade matrix,Lithuania,Estonia,Soybeans,Import Quantity (tonnes),2011,0.0,
Detailed trade matrix,Lithuania,Germany,Soybeans,Import Quantity (tonnes),2011,0.0,
Detailed trade matrix,Lithuania,Latvia,Soybeans,Import Quantity (tonnes),2011,0.0,
Detailed trade matrix,Lithuania,Ukraine,Soybeans,Import Quantity (tonnes),2011,1062.0,
Detailed trade matrix,Lithuania,United Kingdom,Soybeans,Import Quantity (tonnes),2011,0.0,
Detailed trade matrix,Luxembourg,Austria,Soybeans,Import Quantity (tonnes),2011,0.0,
Detailed trade matrix,Luxembourg,Belgium,Soybeans,Import Quantity (tonnes),2011,35.0,
Detailed trade matrix,Luxembourg,France,Soybeans,Import Quantity (tonnes),2011,31.0,*
Detailed trade matrix,Luxembourg,Germany,Soybeans,Import Quantity (tonnes),2011,118.0,
Detailed trade matrix,Luxembourg,Netherlands,Soybeans,Import Quantity (tonnes),2011,2.0,
Detailed trade matrix,Madagascar,China,Soybeans,Import Quantity (tonnes),2011,1.0,
Detailed trade matrix,Madagascar,"China, mainland",Soybeans,Import Quantity (tonnes),2011,1.0,
Detailed trade matrix,Madagascar,South Africa,Soybeans,Import Quantity (tonnes),2011,108.0,
Detailed trade matrix,Malawi,China,Soybeans,Import Quantity (tonnes),2011,1.0,
Detailed trade matrix,Malawi,"China, mainland",Soybeans,Import Quantity (tonnes),2011,1.0,
Detailed trade matrix,Malawi,Ghana,Soybeans,Import Quantity (tonnes),2011,0.0,
Detailed trade matrix,Malawi,South Africa,Soybeans,Import Quantity (tonnes),2011,10.0,
Detailed trade matrix,Malawi,Zambia,Soybeans,Import Quantity (tonnes),2011,30.0,
Detailed trade matrix,Malawi,Zimbabwe,Soybeans,Import Quantity (tonnes),2011,50.0,
Detailed trade matrix,Malaysia,Argentina,Soybeans,Import Quantity (tonnes),2011,86119.0,
Detailed trade matrix,Malaysia,Australia,Soybeans,Import Quantity (tonnes),2011,268.0,
Detailed trade matrix,Malaysia,Brazil,Soybeans,Import Quantity (tonnes),2011,2143.0,
Detailed trade matrix,Malaysia,Canada,Soybeans,Import Quantity (tonnes),2011,63884.0,
Detailed trade matrix,Malaysia,China,Soybeans,Import Quantity (tonnes),2011,23523.0,
Detailed trade matrix,Malaysia,"China, mainland",Soybeans,Import Quantity (tonnes),2011,23443.0,
Detailed trade matrix,Malaysia,"China, Taiwan Province of",Soybeans,Import Quantity (tonnes),2011,80.0,
Detailed trade matrix,Malaysia,India,Soybeans,Import Quantity (tonnes),2011,3889.0,
Detailed trade matrix,Malaysia,Indonesia,Soybeans,Import Quantity (tonnes),2011,200.0,
Detailed trade matrix,Malaysia,Japan,Soybeans,Import Quantity (tonnes),2011,2.0,
Detailed trade matrix,Malaysia,New Zealand,Soybeans,Import Quantity (tonnes),2011,1.0,
Detailed trade matrix,Malaysia,Paraguay,Soybeans,Import Quantity (tonnes),2011,44334.0,
Detailed trade matrix,Malaysia,Singapore,Soybeans,Import Quantity (tonnes),2011,20.0,
Detailed trade matrix,Malaysia,South Africa,Soybeans,Import Quantity (tonnes),2011,40143.0,
Detailed trade matrix,Malaysia,Sri Lanka,Soybeans,Import Quantity (tonnes),2011,95.0,
Detailed trade matrix,Malaysia,Ukraine,Soybeans,Import Quantity (tonnes),2011,93.0,
Detailed trade matrix,Malaysia,United States of America,Soybeans,Import Quantity (tonnes),2011,372046.0,
Detailed trade matrix,Malaysia,Uruguay,Soybeans,Import Quantity (tonnes),2011,525.0,
Detailed trade matrix,Maldives,Australia,Soybeans,Import Quantity (tonnes),2011,0.0,
Detailed trade matrix,Maldives,India,Soybeans,Import Quantity (tonnes),2011,0.0,
Detailed trade matrix,Maldives,Singapore,Soybeans,Import Quantity (tonnes),2011,0.0,
Detailed trade matrix,Maldives,Sri Lanka,Soybeans,Import Quantity (tonnes),2011,0.0,
Detailed trade matrix,Maldives,Thailand,Soybeans,Import Quantity (tonnes),2011,1.0,
Detailed trade matrix,Maldives,United Arab Emirates,Soybeans,Import Quantity (tonnes),2011,0.0,
Detailed trade matrix,Malta,Belgium,Soybeans,Import Quantity (tonnes),2011,1.0,
Detailed trade matrix,Malta,Bulgaria,Soybeans,Import Quantity (tonnes),2011,1.0,
Detailed trade matrix,Malta,Netherlands,Soybeans,Import Quantity (tonnes),2011,0.0,
Detailed trade matrix,Malta,United Kingdom,Soybeans,Import Quantity (tonnes),2011,34.0,
Detailed trade matrix,Mauritania,Spain,Soybeans,Import Quantity (tonnes),2011,0.0,
Detailed trade matrix,Mauritius,Canada,Soybeans,Import Quantity (tonnes),2011,135.0,
Detailed trade matrix,Mauritius,China,Soybeans,Import Quantity (tonnes),2011,0.0,
Detailed trade matrix,Mauritius,"China, mainland",Soybeans,Import Quantity (tonnes),2011,0.0,
Detailed trade matrix,Mauritius,India,Soybeans,Import Quantity (tonnes),2011,0.0,
Detailed trade matrix,Mauritius,Malaysia,Soybeans,Import Quantity (tonnes),2011,9.0,
Detailed trade matrix,Mexico,Canada,Soybeans,Import Quantity (tonnes),2011,136.0,
Detailed trade matrix,Mexico,China,Soybeans,Import Quantity (tonnes),2011,22.0,
Detailed trade matrix,Mexico,"China, mainland",Soybeans,Import Quantity (tonnes),2011,22.0,
Detailed trade matrix,Mexico,Netherlands,Soybeans,Import Quantity (tonnes),2011,0.0,
Detailed trade matrix,Mexico,Paraguay,Soybeans,Import Quantity (tonnes),2011,180033.0,
Detailed trade matrix,Mexico,United States of America,Soybeans,Import Quantity (tonnes),2011,3160185.0,
Detailed trade matrix,Montenegro,Serbia,Soybeans,Import Quantity (tonnes),2011,540.0,
Detailed trade matrix,Nepal,Argentina,Soybeans,Import Quantity (tonnes),2011,118.0,
Detailed trade matrix,Nepal,China,Soybeans,Import Quantity (tonnes),2011,1.0,
Detailed trade matrix,Nepal,"China, mainland",Soybeans,Import Quantity (tonnes),2011,1.0,
Detailed trade matrix,Nepal,India,Soybeans,Import Quantity (tonnes),2011,71293.0,
Detailed trade matrix,Netherlands,Argentina,Soybeans,Import Quantity (tonnes),2011,0.0,
Detailed trade matrix,Netherlands,Austria,Soybeans,Import Quantity (tonnes),2011,867.0,
Detailed trade matrix,Netherlands,Belgium,Soybeans,Import Quantity (tonnes),2011,109493.0,
Detailed trade matrix,Netherlands,Brazil,Soybeans,Import Quantity (tonnes),2011,1046950.0,
Detailed trade matrix,Netherlands,Canada,Soybeans,Import Quantity (tonnes),2011,498878.0,
Detailed trade matrix,Netherlands,Chile,Soybeans,Import Quantity (tonnes),2011,2.0,
Detailed trade matrix,Netherlands,China,Soybeans,Import Quantity (tonnes),2011,1916.0,
Detailed trade matrix,Netherlands,"China, mainland",Soybeans,Import Quantity (tonnes),2011,1913.0,
Detailed trade matrix,Netherlands,"China, Taiwan Province of",Soybeans,Import Quantity (tonnes),2011,3.0,
Detailed trade matrix,Netherlands,Denmark,Soybeans,Import Quantity (tonnes),2011,1000.0,
Detailed trade matrix,Netherlands,Finland,Soybeans,Import Quantity (tonnes),2011,27.0,
Detailed trade matrix,Netherlands,France,Soybeans,Import Quantity (tonnes),2011,185.0,
Detailed trade matrix,Netherlands,Germany,Soybeans,Import Quantity (tonnes),2011,59836.0,
Detailed trade matrix,Netherlands,Hungary,Soybeans,Import Quantity (tonnes),2011,10459.0,
Detailed trade matrix,Netherlands,India,Soybeans,Import Quantity (tonnes),2011,0.0,
Detailed trade matrix,Netherlands,Indonesia,Soybeans,Import Quantity (tonnes),2011,1.0,
Detailed trade matrix,Netherlands,Iran (Islamic Republic of),Soybeans,Import Quantity (tonnes),2011,0.0,
Detailed trade matrix,Netherlands,Italy,Soybeans,Import Quantity (tonnes),2011,25.0,
Detailed trade matrix,Netherlands,Japan,Soybeans,Import Quantity (tonnes),2011,2.0,
Detailed trade matrix,Netherlands,Paraguay,Soybeans,Import Quantity (tonnes),2011,632662.0,
Detailed trade matrix,Netherlands,Portugal,Soybeans,Import Quantity (tonnes),2011,1.0,
Detailed trade matrix,Netherlands,Republic of Korea,Soybeans,Import Quantity (tonnes),2011,0.0,
Detailed trade matrix,Netherlands,Slovenia,Soybeans,Import Quantity (tonnes),2011,2.0,
Detailed trade matrix,Netherlands,South Africa,Soybeans,Import Quantity (tonnes),2011,0.0,
Detailed trade matrix,Netherlands,Spain,Soybeans,Import Quantity (tonnes),2011,0.0,
Detailed trade matrix,Netherlands,Thailand,Soybeans,Import Quantity (tonnes),2011,3.0,
Detailed trade matrix,Netherlands,United Kingdom,Soybeans,Import Quantity (tonnes),2011,592.0,
Detailed trade matrix,Netherlands,United States of America,Soybeans,Import Quantity (tonnes),2011,588748.0,
Detailed trade matrix,Netherlands,Unspecified,Soybeans,Import Quantity (tonnes),2011,0.0,
Detailed trade matrix,Netherlands,Uruguay,Soybeans,Import Quantity (tonnes),2011,97072.0,
Detailed trade matrix,New Caledonia,Australia,Soybeans,Import Quantity (tonnes),2011,4.0,
Detailed trade matrix,New Caledonia,China,Soybeans,Import Quantity (tonnes),2011,0.0,
Detailed trade matrix,New Caledonia,"China, mainland",Soybeans,Import Quantity (tonnes),2011,0.0,
Detailed trade matrix,New Caledonia,France,Soybeans,Import Quantity (tonnes),2011,0.0,
Detailed trade matrix,New Caledonia,Thailand,Soybeans,Import Quantity (tonnes),2011,3.0,
Detailed trade matrix,New Caledonia,Viet Nam,Soybeans,Import Quantity (tonnes),2011,0.0,
Detailed trade matrix,New Zealand,Argentina,Soybeans,Import Quantity (tonnes),2011,67.0,
Detailed trade matrix,New Zealand,Australia,Soybeans,Import Quantity (tonnes),2011,38.0,
Detailed trade matrix,New Zealand,Canada,Soybeans,Import Quantity (tonnes),2011,439.0,
Detailed trade matrix,New Zealand,China,Soybeans,Import Quantity (tonnes),2011,161.0,
Detailed trade matrix,New Zealand,"China, mainland",Soybeans,Import Quantity (tonnes),2011,161.0,
Detailed trade matrix,New Zealand,India,Soybeans,Import Quantity (tonnes),2011,36.0,
Detailed trade matrix,New Zealand,Japan,Soybeans,Import Quantity (tonnes),2011,6.0,
Detailed trade matrix,New Zealand,Malaysia,Soybeans,Import Quantity (tonnes),2011,0.0,
Detailed trade matrix,New Zealand,Republic of Korea,Soybeans,Import Quantity (tonnes),2011,0.0,
Detailed trade matrix,New Zealand,Sri Lanka,Soybeans,Import Quantity (tonnes),2011,0.0,
Detailed trade matrix,Nicaragua,China,Soybeans,Import Quantity (tonnes),2011,0.0,
Detailed trade matrix,Nicaragua,"China, mainland",Soybeans,Import Quantity (tonnes),2011,0.0,
Detailed trade matrix,Nicaragua,Honduras,Soybeans,Import Quantity (tonnes),2011,2.0,
Detailed trade matrix,Nicaragua,Mexico,Soybeans,Import Quantity (tonnes),2011,0.0,
Detailed trade matrix,Nicaragua,Panama,Soybeans,Import Quantity (tonnes),2011,0.0,
Detailed trade matrix,Nicaragua,United States of America,Soybeans,Import Quantity (tonnes),2011,1.0,*
Detailed trade matrix,Niger,China,Soybeans,Import Quantity (tonnes),2011,0.0,
Detailed trade matrix,Niger,"China, mainland",Soybeans,Import Quantity (tonnes),2011,0.0,
Detailed trade matrix,Norway,Argentina,Soybeans,Import Quantity (tonnes),2011,94.0,
Detailed trade matrix,Norway,Austria,Soybeans,Import Quantity (tonnes),2011,86.0,
Detailed trade matrix,Norway,Belgium,Soybeans,Import Quantity (tonnes),2011,2.0,
Detailed trade matrix,Norway,Brazil,Soybeans,Import Quantity (tonnes),2011,357907.0,
Detailed trade matrix,Norway,Canada,Soybeans,Import Quantity (tonnes),2011,61923.0,
Detailed trade matrix,Norway,China,Soybeans,Import Quantity (tonnes),2011,9.0,
Detailed trade matrix,Norway,"China, mainland",Soybeans,Import Quantity (tonnes),2011,9.0,
Detailed trade matrix,Norway,Germany,Soybeans,Import Quantity (tonnes),2011,36.0,
Detailed trade matrix,Norway,Italy,Soybeans,Import Quantity (tonnes),2011,0.0,
Detailed trade matrix,Norway,Netherlands,Soybeans,Import Quantity (tonnes),2011,62.0,
Detailed trade matrix,Norway,Spain,Soybeans,Import Quantity (tonnes),2011,0.0,
Detailed trade matrix,Norway,Sri Lanka,Soybeans,Import Quantity (tonnes),2011,0.0,
Detailed trade matrix,Norway,Sweden,Soybeans,Import Quantity (tonnes),2011,0.0,
Detailed trade matrix,Norway,Thailand,Soybeans,Import Quantity (tonnes),2011,1.0,
Detailed trade matrix,Norway,United Kingdom,Soybeans,Import Quantity (tonnes),2011,1.0,
Detailed trade matrix,Oman,France,Soybeans,Import Quantity (tonnes),2011,0.0,
Detailed trade matrix,Oman,India,Soybeans,Import Quantity (tonnes),2011,10.0,
Detailed trade matrix,Oman,United Arab Emirates,Soybeans,Import Quantity (tonnes),2011,3.0,
Detailed trade matrix,Oman,United States of America,Soybeans,Import Quantity (tonnes),2011,286.0,
Detailed trade matrix,Pakistan,China,Soybeans,Import Quantity (tonnes),2011,1.0,
Detailed trade matrix,Pakistan,"China, mainland",Soybeans,Import Quantity (tonnes),2011,1.0,
Detailed trade matrix,Pakistan,Denmark,Soybeans,Import Quantity (tonnes),2011,2.0,
Detailed trade matrix,Pakistan,Thailand,Soybeans,Import Quantity (tonnes),2011,0.0,
Detailed trade matrix,Panama,Argentina,Soybeans,Import Quantity (tonnes),2011,2352.0,
Detailed trade matrix,Panama,Brazil,Soybeans,Import Quantity (tonnes),2011,1.0,
Detailed trade matrix,Panama,Canada,Soybeans,Import Quantity (tonnes),2011,108.0,
Detailed trade matrix,Panama,China,Soybeans,Import Quantity (tonnes),2011,0.0,
Detailed trade matrix,Panama,"China, mainland",Soybeans,Import Quantity (tonnes),2011,0.0,
Detailed trade matrix,Panama,United States of America,Soybeans,Import Quantity (tonnes),2011,2694.0,
Detailed trade matrix,Peru,Argentina,Soybeans,Import Quantity (tonnes),2011,15599.0,
Detailed trade matrix,Peru,Bolivia (Plurinational State of),Soybeans,Import Quantity (tonnes),2011,21171.0,
Detailed trade matrix,Peru,Canada,Soybeans,Import Quantity (tonnes),2011,1580.0,
Detailed trade matrix,Peru,Ecuador,Soybeans,Import Quantity (tonnes),2011,60.0,
Detailed trade matrix,Peru,Paraguay,Soybeans,Import Quantity (tonnes),2011,28159.0,
Detailed trade matrix,Peru,United States of America,Soybeans,Import Quantity (tonnes),2011,12749.0,
Detailed trade matrix,Philippines,Argentina,Soybeans,Import Quantity (tonnes),2011,7005.0,
Detailed trade matrix,Philippines,Australia,Soybeans,Import Quantity (tonnes),2011,57.0,
Detailed trade matrix,Philippines,Brazil,Soybeans,Import Quantity (tonnes),2011,186.0,
Detailed trade matrix,Philippines,Canada,Soybeans,Import Quantity (tonnes),2011,6333.0,
Detailed trade matrix,Philippines,China,Soybeans,Import Quantity (tonnes),2011,314.0,
Detailed trade matrix,Philippines,"China, mainland",Soybeans,Import Quantity (tonnes),2011,314.0,
Detailed trade matrix,Philippines,Ethiopia,Soybeans,Import Quantity (tonnes),2011,263.0,
Detailed trade matrix,Philippines,India,Soybeans,Import Quantity (tonnes),2011,1211.0,
Detailed trade matrix,Philippines,Singapore,Soybeans,Import Quantity (tonnes),2011,855.0,
Detailed trade matrix,Philippines,Ukraine,Soybeans,Import Quantity (tonnes),2011,1072.0,
Detailed trade matrix,Philippines,United States of America,Soybeans,Import Quantity (tonnes),2011,31007.0,
Detailed trade matrix,Philippines,Uruguay,Soybeans,Import Quantity (tonnes),2011,3337.0,
Detailed trade matrix,Poland,Austria,Soybeans,Import Quantity (tonnes),2011,198.0,
Detailed trade matrix,Poland,Belgium,Soybeans,Import Quantity (tonnes),2011,2734.0,
Detailed trade matrix,Poland,Canada,Soybeans,Import Quantity (tonnes),2011,796.0,
Detailed trade matrix,Poland,Czech Republic,Soybeans,Import Quantity (tonnes),2011,491.0,
Detailed trade matrix,Poland,Germany,Soybeans,Import Quantity (tonnes),2011,506.0,
Detailed trade matrix,Poland,Hungary,Soybeans,Import Quantity (tonnes),2011,20.0,
Detailed trade matrix,Poland,Netherlands,Soybeans,Import Quantity (tonnes),2011,2244.0,
Detailed trade matrix,Poland,Republic of Moldova,Soybeans,Import Quantity (tonnes),2011,2474.0,
Detailed trade matrix,Poland,Ukraine,Soybeans,Import Quantity (tonnes),2011,16277.0,
Detailed trade matrix,Poland,United Kingdom,Soybeans,Import Quantity (tonnes),2011,5.0,
Detailed trade matrix,Portugal,Argentina,Soybeans,Import Quantity (tonnes),2011,16219.0,
Detailed trade matrix,Portugal,Austria,Soybeans,Import Quantity (tonnes),2011,33.0,
Detailed trade matrix,Portugal,Belgium,Soybeans,Import Quantity (tonnes),2011,1.0,
Detailed trade matrix,Portugal,Brazil,Soybeans,Import Quantity (tonnes),2011,245908.0,
Detailed trade matrix,Portugal,Canada,Soybeans,Import Quantity (tonnes),2011,17689.0,
Detailed trade matrix,Portugal,China,Soybeans,Import Quantity (tonnes),2011,118.0,
Detailed trade matrix,Portugal,"China, mainland",Soybeans,Import Quantity (tonnes),2011,118.0,
Detailed trade matrix,Portugal,France,Soybeans,Import Quantity (tonnes),2011,95.0,
Detailed trade matrix,Portugal,Germany,Soybeans,Import Quantity (tonnes),2011,1.0,
Detailed trade matrix,Portugal,Netherlands,Soybeans,Import Quantity (tonnes),2011,197.0,
Detailed trade matrix,Portugal,Paraguay,Soybeans,Import Quantity (tonnes),2011,165038.0,
Detailed trade matrix,Portugal,Spain,Soybeans,Import Quantity (tonnes),2011,8413.0,
Detailed trade matrix,Portugal,Ukraine,Soybeans,Import Quantity (tonnes),2011,15739.0,
Detailed trade matrix,Portugal,United States of America,Soybeans,Import Quantity (tonnes),2011,172812.0,
Detailed trade matrix,Republic of Korea,Argentina,Soybeans,Import Quantity (tonnes),2011,0.0,
Detailed trade matrix,Republic of Korea,Australia,Soybeans,Import Quantity (tonnes),2011,0.0,
Detailed trade matrix,Republic of Korea,Brazil,Soybeans,Import Quantity (tonnes),2011,386076.0,
Detailed trade matrix,Republic of Korea,Cambodia,Soybeans,Import Quantity (tonnes),2011,0.0,
Detailed trade matrix,Republic of Korea,Canada,Soybeans,Import Quantity (tonnes),2011,13465.0,
Detailed trade matrix,Republic of Korea,China,Soybeans,Import Quantity (tonnes),2011,105717.0,
Detailed trade matrix,Republic of Korea,"China, Hong Kong SAR",Soybeans,Import Quantity (tonnes),2011,0.0,
Detailed trade matrix,Republic of Korea,"China, mainland",Soybeans,Import Quantity (tonnes),2011,105717.0,
Detailed trade matrix,Republic of Korea,"China, Taiwan Province of",Soybeans,Import Quantity (tonnes),2011,0.0,
Detailed trade matrix,Republic of Korea,India,Soybeans,Import Quantity (tonnes),2011,0.0,
Detailed trade matrix,Republic of Korea,Israel,Soybeans,Import Quantity (tonnes),2011,0.0,
Detailed trade matrix,Republic of Korea,Japan,Soybeans,Import Quantity (tonnes),2011,0.0,
Detailed trade matrix,Republic of Korea,Mongolia,Soybeans,Import Quantity (tonnes),2011,0.0,
Detailed trade matrix,Republic of Korea,Myanmar,Soybeans,Import Quantity (tonnes),2011,0.0,
Detailed trade matrix,Republic of Korea,Paraguay,Soybeans,Import Quantity (tonnes),2011,89276.0,
Detailed trade matrix,Republic of Korea,Peru,Soybeans,Import Quantity (tonnes),2011,0.0,
Detailed trade matrix,Republic of Korea,Russian Federation,Soybeans,Import Quantity (tonnes),2011,92.0,
Detailed trade matrix,Republic of Korea,Singapore,Soybeans,Import Quantity (tonnes),2011,0.0,
Detailed trade matrix,Republic of Korea,South Africa,Soybeans,Import Quantity (tonnes),2011,0.0,
Detailed trade matrix,Republic of Korea,Thailand,Soybeans,Import Quantity (tonnes),2011,1.0,
Detailed trade matrix,Republic of Korea,Turkey,Soybeans,Import Quantity (tonnes),2011,0.0,
Detailed trade matrix,Republic of Korea,United Arab Emirates,Soybeans,Import Quantity (tonnes),2011,0.0,
Detailed trade matrix,Republic of Korea,United States of America,Soybeans,Import Quantity (tonnes),2011,552931.0,
Detailed trade matrix,Republic of Korea,Uruguay,Soybeans,Import Quantity (tonnes),2011,0.0,
Detailed trade matrix,Republic of Moldova,Germany,Soybeans,Import Quantity (tonnes),2011,0.0,
Detailed trade matrix,Republic of Moldova,Italy,Soybeans,Import Quantity (tonnes),2011,20.0,
Detailed trade matrix,Republic of Moldova,Japan,Soybeans,Import Quantity (tonnes),2011,0.0,
Detailed trade matrix,Republic of Moldova,Serbia,Soybeans,Import Quantity (tonnes),2011,7.0,
Detailed trade matrix,Republic of Moldova,Thailand,Soybeans,Import Quantity (tonnes),2011,0.0,
Detailed trade matrix,Republic of Moldova,Unspecified,Soybeans,Import Quantity (tonnes),2011,65.0,
Detailed trade matrix,Romania,Austria,Soybeans,Import Quantity (tonnes),2011,77.0,
Detailed trade matrix,Romania,Belgium,Soybeans,Import Quantity (tonnes),2011,11.0,
Detailed trade matrix,Romania,Bulgaria,Soybeans,Import Quantity (tonnes),2011,2990.0,
Detailed trade matrix,Romania,Canada,Soybeans,Import Quantity (tonnes),2011,0.0,
Detailed trade matrix,Romania,France,Soybeans,Import Quantity (tonnes),2011,70.0,
Detailed trade matrix,Romania,Germany,Soybeans,Import Quantity (tonnes),2011,292.0,
Detailed trade matrix,Romania,Hungary,Soybeans,Import Quantity (tonnes),2011,3097.0,
Detailed trade matrix,Romania,Italy,Soybeans,Import Quantity (tonnes),2011,5573.0,
Detailed trade matrix,Romania,Lithuania,Soybeans,Import Quantity (tonnes),2011,45.0,
Detailed trade matrix,Romania,Netherlands,Soybeans,Import Quantity (tonnes),2011,10.0,
Detailed trade matrix,Romania,Poland,Soybeans,Import Quantity (tonnes),2011,0.0,
Detailed trade matrix,Romania,Republic of Moldova,Soybeans,Import Quantity (tonnes),2011,17026.0,
Detailed trade matrix,Romania,Serbia,Soybeans,Import Quantity (tonnes),2011,2866.0,
Detailed trade matrix,Romania,Slovakia,Soybeans,Import Quantity (tonnes),2011,2.0,
Detailed trade matrix,Romania,Slovenia,Soybeans,Import Quantity (tonnes),2011,123.0,
Detailed trade matrix,Romania,United States of America,Soybeans,Import Quantity (tonnes),2011,2207.0,
Detailed trade matrix,Russian Federation,Argentina,Soybeans,Import Quantity (tonnes),2011,9951.0,
Detailed trade matrix,Russian Federation,Austria,Soybeans,Import Quantity (tonnes),2011,434.0,
Detailed trade matrix,Russian Federation,Brazil,Soybeans,Import Quantity (tonnes),2011,302403.0,
Detailed trade matrix,Russian Federation,Canada,Soybeans,Import Quantity (tonnes),2011,25129.0,
Detailed trade matrix,Russian Federation,China,Soybeans,Import Quantity (tonnes),2011,168.0,
Detailed trade matrix,Russian Federation,"China, mainland",Soybeans,Import Quantity (tonnes),2011,168.0,
Detailed trade matrix,Russian Federation,Czech Republic,Soybeans,Import Quantity (tonnes),2011,125.0,
Detailed trade matrix,Russian Federation,France,Soybeans,Import Quantity (tonnes),2011,80.0,
Detailed trade matrix,Russian Federation,Paraguay,Soybeans,Import Quantity (tonnes),2011,511565.0,
Detailed trade matrix,Russian Federation,Republic of Moldova,Soybeans,Import Quantity (tonnes),2011,124.0,
Detailed trade matrix,Russian Federation,Slovakia,Soybeans,Import Quantity (tonnes),2011,11.0,
Detailed trade matrix,Russian Federation,Ukraine,Soybeans,Import Quantity (tonnes),2011,13708.0,
Detailed trade matrix,Russian Federation,United States of America,Soybeans,Import Quantity (tonnes),2011,26838.0,
Detailed trade matrix,Rwanda,Burundi,Soybeans,Import Quantity (tonnes),2011,0.0,
Detailed trade matrix,Rwanda,China,Soybeans,Import Quantity (tonnes),2011,0.0,
Detailed trade matrix,Rwanda,"China, mainland",Soybeans,Import Quantity (tonnes),2011,0.0,
Detailed trade matrix,Rwanda,Democratic Republic of the Congo,Soybeans,Import Quantity (tonnes),2011,266.0,
Detailed trade matrix,Rwanda,Kenya,Soybeans,Import Quantity (tonnes),2011,0.0,
Detailed trade matrix,Rwanda,Uganda,Soybeans,Import Quantity (tonnes),2011,139.0,
Detailed trade matrix,Rwanda,United Republic of Tanzania,Soybeans,Import Quantity (tonnes),2011,61.0,
Detailed trade matrix,Saudi Arabia,Brazil,Soybeans,Import Quantity (tonnes),2011,329424.0,
Detailed trade matrix,Saudi Arabia,Canada,Soybeans,Import Quantity (tonnes),2011,969.0,
Detailed trade matrix,Saudi Arabia,Paraguay,Soybeans,Import Quantity (tonnes),2011,107009.0,
Detailed trade matrix,Saudi Arabia,Ukraine,Soybeans,Import Quantity (tonnes),2011,34497.0,
Detailed trade matrix,Saudi Arabia,United States of America,Soybeans,Import Quantity (tonnes),2011,141514.0,
Detailed trade matrix,Saudi Arabia,Unspecified,Soybeans,Import Quantity (tonnes),2011,240.0,
Detailed trade matrix,Senegal,China,Soybeans,Import Quantity (tonnes),2011,0.0,
Detailed trade matrix,Senegal,"China, mainland",Soybeans,Import Quantity (tonnes),2011,0.0,
Detailed trade matrix,Serbia,Austria,Soybeans,Import Quantity (tonnes),2011,0.0,
Detailed trade matrix,Serbia,Croatia,Soybeans,Import Quantity (tonnes),2011,4976.0,
Detailed trade matrix,Serbia,France,Soybeans,Import Quantity (tonnes),2011,0.0,
Detailed trade matrix,Singapore,Argentina,Soybeans,Import Quantity (tonnes),2011,0.0,
Detailed trade matrix,Singapore,Australia,Soybeans,Import Quantity (tonnes),2011,0.0,
Detailed trade matrix,Singapore,Brazil,Soybeans,Import Quantity (tonnes),2011,1220.0,
Detailed trade matrix,Singapore,Canada,Soybeans,Import Quantity (tonnes),2011,14541.0,
Detailed trade matrix,Singapore,China,Soybeans,Import Quantity (tonnes),2011,115.0,
Detailed trade matrix,Singapore,"China, Hong Kong SAR",Soybeans,Import Quantity (tonnes),2011,2.0,
Detailed trade matrix,Singapore,"China, mainland",Soybeans,Import Quantity (tonnes),2011,113.0,
Detailed trade matrix,Singapore,"China, Taiwan Province of",Soybeans,Import Quantity (tonnes),2011,0.0,
Detailed trade matrix,Singapore,India,Soybeans,Import Quantity (tonnes),2011,198.0,
Detailed trade matrix,Singapore,Israel,Soybeans,Import Quantity (tonnes),2011,0.0,
Detailed trade matrix,Singapore,Italy,Soybeans,Import Quantity (tonnes),2011,0.0,
Detailed trade matrix,Singapore,Japan,Soybeans,Import Quantity (tonnes),2011,11.0,
Detailed trade matrix,Singapore,Malaysia,Soybeans,Import Quantity (tonnes),2011,1496.0,
Detailed trade matrix,Singapore,Myanmar,Soybeans,Import Quantity (tonnes),2011,1.0,
Detailed trade matrix,Singapore,Thailand,Soybeans,Import Quantity (tonnes),2011,0.0,
Detailed trade matrix,Singapore,United Kingdom,Soybeans,Import Quantity (tonnes),2011,3.0,
Detailed trade matrix,Singapore,United States of America,Soybeans,Import Quantity (tonnes),2011,1543.0,
Detailed trade matrix,Singapore,Uruguay,Soybeans,Import Quantity (tonnes),2011,0.0,
Detailed trade matrix,Slovakia,Austria,Soybeans,Import Quantity (tonnes),2011,1184.0,
Detailed trade matrix,Slovakia,Canada,Soybeans,Import Quantity (tonnes),2011,224.0,
Detailed trade matrix,Slovakia,China,Soybeans,Import Quantity (tonnes),2011,1.0,
Detailed trade matrix,Slovakia,"China, mainland",Soybeans,Import Quantity (tonnes),2011,1.0,
Detailed trade matrix,Slovakia,Czech Republic,Soybeans,Import Quantity (tonnes),2011,826.0,
Detailed trade matrix,Slovakia,Germany,Soybeans,Import Quantity (tonnes),2011,1186.0,
Detailed trade matrix,Slovakia,Hungary,Soybeans,Import Quantity (tonnes),2011,3655.0,
Detailed trade matrix,Slovakia,Italy,Soybeans,Import Quantity (tonnes),2011,148.0,
Detailed trade matrix,Slovakia,Netherlands,Soybeans,Import Quantity (tonnes),2011,8.0,
Detailed trade matrix,Slovakia,Poland,Soybeans,Import Quantity (tonnes),2011,4997.0,
Detailed trade matrix,Slovakia,Republic of Korea,Soybeans,Import Quantity (tonnes),2011,2.0,
Detailed trade matrix,Slovakia,Republic of Moldova,Soybeans,Import Quantity (tonnes),2011,66.0,
Detailed trade matrix,Slovakia,Serbia,Soybeans,Import Quantity (tonnes),2011,45.0,
Detailed trade matrix,Slovakia,Ukraine,Soybeans,Import Quantity (tonnes),2011,626.0,
Detailed trade matrix,Slovakia,United Kingdom,Soybeans,Import Quantity (tonnes),2011,18.0,
Detailed trade matrix,Slovenia,Austria,Soybeans,Import Quantity (tonnes),2011,3272.0,
Detailed trade matrix,Slovenia,Belgium,Soybeans,Import Quantity (tonnes),2011,0.0,
Detailed trade matrix,Slovenia,Brazil,Soybeans,Import Quantity (tonnes),2011,128133.0,
Detailed trade matrix,Slovenia,Croatia,Soybeans,Import Quantity (tonnes),2011,1269.0,
Detailed trade matrix,Slovenia,France,Soybeans,Import Quantity (tonnes),2011,0.0,
Detailed trade matrix,Slovenia,Germany,Soybeans,Import Quantity (tonnes),2011,5.0,
Detailed trade matrix,Slovenia,Hungary,Soybeans,Import Quantity (tonnes),2011,268.0,
Detailed trade matrix,Slovenia,Italy,Soybeans,Import Quantity (tonnes),2011,128.0,
Detailed trade matrix,Slovenia,Netherlands,Soybeans,Import Quantity (tonnes),2011,10.0,
Detailed trade matrix,Slovenia,Paraguay,Soybeans,Import Quantity (tonnes),2011,192530.0,
Detailed trade matrix,Slovenia,Romania,Soybeans,Import Quantity (tonnes),2011,123.0,
Detailed trade matrix,Slovenia,Serbia,Soybeans,Import Quantity (tonnes),2011,13269.0,
Detailed trade matrix,Solomon Islands,Australia,Soybeans,Import Quantity (tonnes),2011,1.0,
Detailed trade matrix,Solomon Islands,China,Soybeans,Import Quantity (tonnes),2011,8.0,*
Detailed trade matrix,Solomon Islands,"China, Hong Kong SAR",Soybeans,Import Quantity (tonnes),2011,0.0,
Detailed trade matrix,Solomon Islands,"China, mainland",Soybeans,Import Quantity (tonnes),2011,8.0,*
Detailed trade matrix,Solomon Islands,Democratic People's Republic of Korea,Soybeans,Import Quantity (tonnes),2011,0.0,*
Detailed trade matrix,Solomon Islands,Republic of Korea,Soybeans,Import Quantity (tonnes),2011,0.0,
Detailed trade matrix,South Africa,Argentina,Soybeans,Import Quantity (tonnes),2011,2.0,
Detailed trade matrix,South Africa,Austria,Soybeans,Import Quantity (tonnes),2011,1.0,
Detailed trade matrix,South Africa,Brazil,Soybeans,Import Quantity (tonnes),2011,42.0,
Detailed trade matrix,South Africa,Cameroon,Soybeans,Import Quantity (tonnes),2011,0.0,
Detailed trade matrix,South Africa,Canada,Soybeans,Import Quantity (tonnes),2011,164.0,
Detailed trade matrix,South Africa,China,Soybeans,Import Quantity (tonnes),2011,26.0,
Detailed trade matrix,South Africa,"China, Hong Kong SAR",Soybeans,Import Quantity (tonnes),2011,0.0,
Detailed trade matrix,South Africa,"China, mainland",Soybeans,Import Quantity (tonnes),2011,26.0,
Detailed trade matrix,South Africa,Germany,Soybeans,Import Quantity (tonnes),2011,0.0,
Detailed trade matrix,South Africa,India,Soybeans,Import Quantity (tonnes),2011,984.0,
Detailed trade matrix,South Africa,Japan,Soybeans,Import Quantity (tonnes),2011,0.0,
Detailed trade matrix,South Africa,Kenya,Soybeans,Import Quantity (tonnes),2011,0.0,
Detailed trade matrix,South Africa,Malawi,Soybeans,Import Quantity (tonnes),2011,112.0,
Detailed trade matrix,South Africa,Mozambique,Soybeans,Import Quantity (tonnes),2011,28.0,
Detailed trade matrix,South Africa,Nigeria,Soybeans,Import Quantity (tonnes),2011,9.0,
Detailed trade matrix,South Africa,Republic of Korea,Soybeans,Import Quantity (tonnes),2011,0.0,
Detailed trade matrix,South Africa,Saudi Arabia,Soybeans,Import Quantity (tonnes),2011,1.0,
Detailed trade matrix,South Africa,United States of America,Soybeans,Import Quantity (tonnes),2011,169.0,
Detailed trade matrix,Spain,Argentina,Soybeans,Import Quantity (tonnes),2011,9116.0,
Detailed trade matrix,Spain,Austria,Soybeans,Import Quantity (tonnes),2011,645.0,
Detailed trade matrix,Spain,Belgium,Soybeans,Import Quantity (tonnes),2011,28.0,
Detailed trade matrix,Spain,Benin,Soybeans,Import Quantity (tonnes),2011,0.0,
Detailed trade matrix,Spain,Brazil,Soybeans,Import Quantity (tonnes),2011,2125128.0,
Detailed trade matrix,Spain,Bulgaria,Soybeans,Import Quantity (tonnes),2011,1.0,
Detailed trade matrix,Spain,Canada,Soybeans,Import Quantity (tonnes),2011,49931.0,
Detailed trade matrix,Spain,China,Soybeans,Import Quantity (tonnes),2011,1299.0,
Detailed trade matrix,Spain,"China, mainland",Soybeans,Import Quantity (tonnes),2011,1290.0,
Detailed trade matrix,Spain,"China, Taiwan Province of",Soybeans,Import Quantity (tonnes),2011,9.0,
Detailed trade matrix,Spain,France,Soybeans,Import Quantity (tonnes),2011,18523.0,
Detailed trade matrix,Spain,Germany,Soybeans,Import Quantity (tonnes),2011,412.0,
Detailed trade matrix,Spain,Italy,Soybeans,Import Quantity (tonnes),2011,5278.0,
Detailed trade matrix,Spain,Kazakhstan,Soybeans,Import Quantity (tonnes),2011,1000.0,
Detailed trade matrix,Spain,Morocco,Soybeans,Import Quantity (tonnes),2011,1.0,
Detailed trade matrix,Spain,Netherlands,Soybeans,Import Quantity (tonnes),2011,3763.0,
Detailed trade matrix,Spain,Paraguay,Soybeans,Import Quantity (tonnes),2011,424697.0,
Detailed trade matrix,Spain,Portugal,Soybeans,Import Quantity (tonnes),2011,8124.0,
Detailed trade matrix,Spain,Romania,Soybeans,Import Quantity (tonnes),2011,86.0,
Detailed trade matrix,Spain,Thailand,Soybeans,Import Quantity (tonnes),2011,49.0,
Detailed trade matrix,Spain,Togo,Soybeans,Import Quantity (tonnes),2011,814.0,
Detailed trade matrix,Spain,Ukraine,Soybeans,Import Quantity (tonnes),2011,30312.0,
Detailed trade matrix,Spain,United Kingdom,Soybeans,Import Quantity (tonnes),2011,160.0,
Detailed trade matrix,Spain,United States of America,Soybeans,Import Quantity (tonnes),2011,497475.0,
Detailed trade matrix,Sri Lanka,China,Soybeans,Import Quantity (tonnes),2011,0.0,
Detailed trade matrix,Sri Lanka,"China, Hong Kong SAR",Soybeans,Import Quantity (tonnes),2011,0.0,
Detailed trade matrix,Sri Lanka,India,Soybeans,Import Quantity (tonnes),2011,0.0,
Detailed trade matrix,Sri Lanka,Singapore,Soybeans,Import Quantity (tonnes),2011,0.0,
Detailed trade matrix,Suriname,China,Soybeans,Import Quantity (tonnes),2011,0.0,
Detailed trade matrix,Suriname,"China, mainland",Soybeans,Import Quantity (tonnes),2011,0.0,
Detailed trade matrix,Suriname,United States of America,Soybeans,Import Quantity (tonnes),2011,118.0,
Detailed trade matrix,Sweden,Argentina,Soybeans,Import Quantity (tonnes),2011,539.0,
Detailed trade matrix,Sweden,Austria,Soybeans,Import Quantity (tonnes),2011,0.0,
Detailed trade matrix,Sweden,Canada,Soybeans,Import Quantity (tonnes),2011,275.0,
Detailed trade matrix,Sweden,China,Soybeans,Import Quantity (tonnes),2011,193.0,
Detailed trade matrix,Sweden,"China, Hong Kong SAR",Soybeans,Import Quantity (tonnes),2011,3.0,
Detailed trade matrix,Sweden,"China, mainland",Soybeans,Import Quantity (tonnes),2011,163.0,
Detailed trade matrix,Sweden,"China, Taiwan Province of",Soybeans,Import Quantity (tonnes),2011,27.0,
Detailed trade matrix,Sweden,Denmark,Soybeans,Import Quantity (tonnes),2011,3504.0,
Detailed trade matrix,Sweden,Finland,Soybeans,Import Quantity (tonnes),2011,0.0,
Detailed trade matrix,Sweden,Germany,Soybeans,Import Quantity (tonnes),2011,184.0,
Detailed trade matrix,Sweden,India,Soybeans,Import Quantity (tonnes),2011,2446.0,
Detailed trade matrix,Sweden,Iran (Islamic Republic of),Soybeans,Import Quantity (tonnes),2011,0.0,
Detailed trade matrix,Sweden,Italy,Soybeans,Import Quantity (tonnes),2011,6651.0,
Detailed trade matrix,Sweden,Kazakhstan,Soybeans,Import Quantity (tonnes),2011,1260.0,
Detailed trade matrix,Sweden,Netherlands,Soybeans,Import Quantity (tonnes),2011,3810.0,
Detailed trade matrix,Sweden,Thailand,Soybeans,Import Quantity (tonnes),2011,2.0,
Detailed trade matrix,Sweden,United Kingdom,Soybeans,Import Quantity (tonnes),2011,23.0,
Detailed trade matrix,Sweden,United States of America,Soybeans,Import Quantity (tonnes),2011,15.0,
Detailed trade matrix,Sweden,Viet Nam,Soybeans,Import Quantity (tonnes),2011,0.0,
Detailed trade matrix,Switzerland,Austria,Soybeans,Import Quantity (tonnes),2011,4088.0,
Detailed trade matrix,Switzerland,Belgium,Soybeans,Import Quantity (tonnes),2011,4.0,
Detailed trade matrix,Switzerland,Brazil,Soybeans,Import Quantity (tonnes),2011,868.0,
Detailed trade matrix,Switzerland,Canada,Soybeans,Import Quantity (tonnes),2011,569.0,
Detailed trade matrix,Switzerland,China,Soybeans,Import Quantity (tonnes),2011,686.0,
Detailed trade matrix,Switzerland,"China, mainland",Soybeans,Import Quantity (tonnes),2011,686.0,
Detailed trade matrix,Switzerland,France,Soybeans,Import Quantity (tonnes),2011,7852.0,
Detailed trade matrix,Switzerland,Germany,Soybeans,Import Quantity (tonnes),2011,689.0,
Detailed trade matrix,Switzerland,Hungary,Soybeans,Import Quantity (tonnes),2011,2516.0,
Detailed trade matrix,Switzerland,India,Soybeans,Import Quantity (tonnes),2011,0.0,
Detailed trade matrix,Switzerland,Italy,Soybeans,Import Quantity (tonnes),2011,2102.0,
Detailed trade matrix,Switzerland,Japan,Soybeans,Import Quantity (tonnes),2011,2.0,
Detailed trade matrix,Switzerland,Netherlands,Soybeans,Import Quantity (tonnes),2011,143.0,
Detailed trade matrix,Switzerland,Republic of Korea,Soybeans,Import Quantity (tonnes),2011,0.0,
Detailed trade matrix,Switzerland,Romania,Soybeans,Import Quantity (tonnes),2011,719.0,
Detailed trade matrix,Switzerland,Sri Lanka,Soybeans,Import Quantity (tonnes),2011,0.0,
Detailed trade matrix,Switzerland,Thailand,Soybeans,Import Quantity (tonnes),2011,5.0,
Detailed trade matrix,Switzerland,Viet Nam,Soybeans,Import Quantity (tonnes),2011,1.0,
Detailed trade matrix,Thailand,Argentina,Soybeans,Import Quantity (tonnes),2011,221063.0,
Detailed trade matrix,Thailand,Australia,Soybeans,Import Quantity (tonnes),2011,0.0,
Detailed trade matrix,Thailand,Brazil,Soybeans,Import Quantity (tonnes),2011,1242016.0,
Detailed trade matrix,Thailand,Cambodia,Soybeans,Import Quantity (tonnes),2011,14528.0,
Detailed trade matrix,Thailand,Canada,Soybeans,Import Quantity (tonnes),2011,28267.0,
Detailed trade matrix,Thailand,China,Soybeans,Import Quantity (tonnes),2011,301.0,
Detailed trade matrix,Thailand,"China, mainland",Soybeans,Import Quantity (tonnes),2011,301.0,
Detailed trade matrix,Thailand,"China, Taiwan Province of",Soybeans,Import Quantity (tonnes),2011,0.0,
Detailed trade matrix,Thailand,Indonesia,Soybeans,Import Quantity (tonnes),2011,0.0,
Detailed trade matrix,Thailand,Lao People's Democratic Republic,Soybeans,Import Quantity (tonnes),2011,215.0,
Detailed trade matrix,Thailand,Malaysia,Soybeans,Import Quantity (tonnes),2011,0.0,
Detailed trade matrix,Thailand,Myanmar,Soybeans,Import Quantity (tonnes),2011,31.0,
Detailed trade matrix,Thailand,Ukraine,Soybeans,Import Quantity (tonnes),2011,7105.0,
Detailed trade matrix,Thailand,United Arab Emirates,Soybeans,Import Quantity (tonnes),2011,868.0,
Detailed trade matrix,Thailand,United States of America,Soybeans,Import Quantity (tonnes),2011,478083.0,
Detailed trade matrix,Thailand,Uruguay,Soybeans,Import Quantity (tonnes),2011,1901.0,
Detailed trade matrix,Thailand,Viet Nam,Soybeans,Import Quantity (tonnes),2011,0.0,
Detailed trade matrix,The former Yugoslav Republic of Macedonia,Brazil,Soybeans,Import Quantity (tonnes),2011,2.0,
Detailed trade matrix,The former Yugoslav Republic of Macedonia,Bulgaria,Soybeans,Import Quantity (tonnes),2011,48.0,
Detailed trade matrix,The former Yugoslav Republic of Macedonia,China,Soybeans,Import Quantity (tonnes),2011,0.0,
Detailed trade matrix,The former Yugoslav Republic of Macedonia,"China, mainland",Soybeans,Import Quantity (tonnes),2011,0.0,
Detailed trade matrix,The former Yugoslav Republic of Macedonia,Germany,Soybeans,Import Quantity (tonnes),2011,0.0,
Detailed trade matrix,The former Yugoslav Republic of Macedonia,Serbia,Soybeans,Import Quantity (tonnes),2011,278.0,
Detailed trade matrix,The former Yugoslav Republic of Macedonia,Switzerland,Soybeans,Import Quantity (tonnes),2011,0.0,
Detailed trade matrix,Tunisia,Argentina,Soybeans,Import Quantity (tonnes),2011,110050.0,
Detailed trade matrix,Tunisia,Paraguay,Soybeans,Import Quantity (tonnes),2011,55612.0,
Detailed trade matrix,Tunisia,United States of America,Soybeans,Import Quantity (tonnes),2011,206139.0,
Detailed trade matrix,Tunisia,Uruguay,Soybeans,Import Quantity (tonnes),2011,90850.0,
Detailed trade matrix,Turkey,Argentina,Soybeans,Import Quantity (tonnes),2011,129528.0,
Detailed trade matrix,Turkey,Austria,Soybeans,Import Quantity (tonnes),2011,2.0,
Detailed trade matrix,Turkey,Brazil,Soybeans,Import Quantity (tonnes),2011,318940.0,
Detailed trade matrix,Turkey,Canada,Soybeans,Import Quantity (tonnes),2011,5480.0,
Detailed trade matrix,Turkey,France,Soybeans,Import Quantity (tonnes),2011,0.0,
Detailed trade matrix,Turkey,Germany,Soybeans,Import Quantity (tonnes),2011,7.0,
Detailed trade matrix,Turkey,Hungary,Soybeans,Import Quantity (tonnes),2011,0.0,
Detailed trade matrix,Turkey,Paraguay,Soybeans,Import Quantity (tonnes),2011,357531.0,
Detailed trade matrix,Turkey,Republic of Moldova,Soybeans,Import Quantity (tonnes),2011,16427.0,
Detailed trade matrix,Turkey,Romania,Soybeans,Import Quantity (tonnes),2011,5682.0,
Detailed trade matrix,Turkey,Ukraine,Soybeans,Import Quantity (tonnes),2011,158260.0,
Detailed trade matrix,Turkey,United States of America,Soybeans,Import Quantity (tonnes),2011,305343.0,
Detailed trade matrix,Turkey,Uruguay,Soybeans,Import Quantity (tonnes),2011,570.0,
Detailed trade matrix,Uganda,Canada,Soybeans,Import Quantity (tonnes),2011,0.0,
Detailed trade matrix,Uganda,India,Soybeans,Import Quantity (tonnes),2011,0.0,
Detailed trade matrix,Uganda,Kenya,Soybeans,Import Quantity (tonnes),2011,1.0,
Detailed trade matrix,Uganda,United Arab Emirates,Soybeans,Import Quantity (tonnes),2011,7.0,
Detailed trade matrix,Uganda,United Republic of Tanzania,Soybeans,Import Quantity (tonnes),2011,130.0,
Detailed trade matrix,Ukraine,Austria,Soybeans,Import Quantity (tonnes),2011,80.0,
Detailed trade matrix,Ukraine,Belarus,Soybeans,Import Quantity (tonnes),2011,593.0,
Detailed trade matrix,Ukraine,Canada,Soybeans,Import Quantity (tonnes),2011,1089.0,
Detailed trade matrix,Ukraine,China,Soybeans,Import Quantity (tonnes),2011,25.0,
Detailed trade matrix,Ukraine,"China, mainland",Soybeans,Import Quantity (tonnes),2011,25.0,
Detailed trade matrix,Ukraine,Croatia,Soybeans,Import Quantity (tonnes),2011,0.0,
Detailed trade matrix,Ukraine,Czech Republic,Soybeans,Import Quantity (tonnes),2011,10.0,
Detailed trade matrix,Ukraine,France,Soybeans,Import Quantity (tonnes),2011,22.0,
Detailed trade matrix,Ukraine,Germany,Soybeans,Import Quantity (tonnes),2011,0.0,
Detailed trade matrix,Ukraine,Poland,Soybeans,Import Quantity (tonnes),2011,0.0,
Detailed trade matrix,Ukraine,Serbia,Soybeans,Import Quantity (tonnes),2011,51.0,
Detailed trade matrix,Ukraine,Slovakia,Soybeans,Import Quantity (tonnes),2011,92.0,
Detailed trade matrix,Ukraine,United States of America,Soybeans,Import Quantity (tonnes),2011,169.0,
Detailed trade matrix,United Kingdom,Argentina,Soybeans,Import Quantity (tonnes),2011,1621.0,
Detailed trade matrix,United Kingdom,Austria,Soybeans,Import Quantity (tonnes),2011,128.0,
Detailed trade matrix,United Kingdom,Belarus,Soybeans,Import Quantity (tonnes),2011,20.0,
Detailed trade matrix,United Kingdom,Belgium,Soybeans,Import Quantity (tonnes),2011,6686.0,
Detailed trade matrix,United Kingdom,Brazil,Soybeans,Import Quantity (tonnes),2011,401037.0,
Detailed trade matrix,United Kingdom,Canada,Soybeans,Import Quantity (tonnes),2011,45141.0,
Detailed trade matrix,United Kingdom,China,Soybeans,Import Quantity (tonnes),2011,1449.0,
Detailed trade matrix,United Kingdom,"China, mainland",Soybeans,Import Quantity (tonnes),2011,1354.0,
Detailed trade matrix,United Kingdom,"China, Taiwan Province of",Soybeans,Import Quantity (tonnes),2011,95.0,
Detailed trade matrix,United Kingdom,Germany,Soybeans,Import Quantity (tonnes),2011,1.0,
Detailed trade matrix,United Kingdom,India,Soybeans,Import Quantity (tonnes),2011,2998.0,
Detailed trade matrix,United Kingdom,Ireland,Soybeans,Import Quantity (tonnes),2011,13900.0,
Detailed trade matrix,United Kingdom,Italy,Soybeans,Import Quantity (tonnes),2011,1129.0,
Detailed trade matrix,United Kingdom,Japan,Soybeans,Import Quantity (tonnes),2011,21.0,
Detailed trade matrix,United Kingdom,Nepal,Soybeans,Import Quantity (tonnes),2011,3.0,
Detailed trade matrix,United Kingdom,Netherlands,Soybeans,Import Quantity (tonnes),2011,70248.0,
Detailed trade matrix,United Kingdom,Poland,Soybeans,Import Quantity (tonnes),2011,2.0,
Detailed trade matrix,United Kingdom,Republic of Korea,Soybeans,Import Quantity (tonnes),2011,20.0,
Detailed trade matrix,United Kingdom,Romania,Soybeans,Import Quantity (tonnes),2011,1793.0,
Detailed trade matrix,United Kingdom,Thailand,Soybeans,Import Quantity (tonnes),2011,29.0,
Detailed trade matrix,United Kingdom,Turkey,Soybeans,Import Quantity (tonnes),2011,156.0,
Detailed trade matrix,United Kingdom,Ukraine,Soybeans,Import Quantity (tonnes),2011,20.0,
Detailed trade matrix,United Kingdom,United States of America,Soybeans,Import Quantity (tonnes),2011,225845.0,
Detailed trade matrix,United Kingdom,Viet Nam,Soybeans,Import Quantity (tonnes),2011,3.0,
Detailed trade matrix,United Republic of Tanzania,China,Soybeans,Import Quantity (tonnes),2011,17.0,
Detailed trade matrix,United Republic of Tanzania,"China, mainland",Soybeans,Import Quantity (tonnes),2011,17.0,
Detailed trade matrix,United Republic of Tanzania,India,Soybeans,Import Quantity (tonnes),2011,156.0,
Detailed trade matrix,United Republic of Tanzania,Kenya,Soybeans,Import Quantity (tonnes),2011,89.0,
Detailed trade matrix,United Republic of Tanzania,Malawi,Soybeans,Import Quantity (tonnes),2011,45.0,
Detailed trade matrix,United Republic of Tanzania,Malaysia,Soybeans,Import Quantity (tonnes),2011,0.0,
Detailed trade matrix,United Republic of Tanzania,Republic of Korea,Soybeans,Import Quantity (tonnes),2011,1.0,
Detailed trade matrix,United Republic of Tanzania,South Africa,Soybeans,Import Quantity (tonnes),2011,0.0,
Detailed trade matrix,United Republic of Tanzania,Turkey,Soybeans,Import Quantity (tonnes),2011,1.0,
Detailed trade matrix,United Republic of Tanzania,United Arab Emirates,Soybeans,Import Quantity (tonnes),2011,1.0,
Detailed trade matrix,United Republic of Tanzania,Zimbabwe,Soybeans,Import Quantity (tonnes),2011,0.0,
Detailed trade matrix,United States of America,Argentina,Soybeans,Import Quantity (tonnes),2011,17021.0,
Detailed trade matrix,United States of America,Belgium,Soybeans,Import Quantity (tonnes),2011,12.0,
Detailed trade matrix,United States of America,Canada,Soybeans,Import Quantity (tonnes),2011,304860.0,
Detailed trade matrix,United States of America,Chile,Soybeans,Import Quantity (tonnes),2011,9495.0,
Detailed trade matrix,United States of America,China,Soybeans,Import Quantity (tonnes),2011,18183.0,
Detailed trade matrix,United States of America,"China, mainland",Soybeans,Import Quantity (tonnes),2011,18087.0,
Detailed trade matrix,United States of America,"China, Taiwan Province of",Soybeans,Import Quantity (tonnes),2011,96.0,
Detailed trade matrix,United States of America,Costa Rica,Soybeans,Import Quantity (tonnes),2011,10.0,
Detailed trade matrix,United States of America,Germany,Soybeans,Import Quantity (tonnes),2011,11.0,
Detailed trade matrix,United States of America,India,Soybeans,Import Quantity (tonnes),2011,15541.0,
Detailed trade matrix,United States of America,Japan,Soybeans,Import Quantity (tonnes),2011,3.0,
Detailed trade matrix,United States of America,Mexico,Soybeans,Import Quantity (tonnes),2011,12.0,
Detailed trade matrix,United States of America,Netherlands,Soybeans,Import Quantity (tonnes),2011,0.0,
Detailed trade matrix,United States of America,Republic of Korea,Soybeans,Import Quantity (tonnes),2011,2.0,
Detailed trade matrix,United States of America,Thailand,Soybeans,Import Quantity (tonnes),2011,156.0,
Detailed trade matrix,United States of America,Uruguay,Soybeans,Import Quantity (tonnes),2011,4025.0,
Detailed trade matrix,United States of America,Viet Nam,Soybeans,Import Quantity (tonnes),2011,1.0,
Detailed trade matrix,Vanuatu,China,Soybeans,Import Quantity (tonnes),2011,0.0,
Detailed trade matrix,Vanuatu,"China, Hong Kong SAR",Soybeans,Import Quantity (tonnes),2011,0.0,
Detailed trade matrix,Vanuatu,"China, mainland",Soybeans,Import Quantity (tonnes),2011,0.0,
Detailed trade matrix,Vanuatu,New Zealand,Soybeans,Import Quantity (tonnes),2011,0.0,
Detailed trade matrix,Venezuela (Bolivarian Republic of),Argentina,Soybeans,Import Quantity (tonnes),2011,112813.0,
Detailed trade matrix,Venezuela (Bolivarian Republic of),Belgium,Soybeans,Import Quantity (tonnes),2011,0.0,
Detailed trade matrix,Venezuela (Bolivarian Republic of),Bolivia (Plurinational State of),Soybeans,Import Quantity (tonnes),2011,10761.0,
Detailed trade matrix,Venezuela (Bolivarian Republic of),Brazil,Soybeans,Import Quantity (tonnes),2011,4700.0,
Detailed trade matrix,Venezuela (Bolivarian Republic of),Panama,Soybeans,Import Quantity (tonnes),2011,0.0,
Detailed trade matrix,Venezuela (Bolivarian Republic of),Paraguay,Soybeans,Import Quantity (tonnes),2011,20000.0,
Detailed trade matrix,Venezuela (Bolivarian Republic of),United States of America,Soybeans,Import Quantity (tonnes),2011,49907.0,
Detailed trade matrix,Zambia,Ghana,Soybeans,Import Quantity (tonnes),2011,18.0,
Detailed trade matrix,Zambia,Malawi,Soybeans,Import Quantity (tonnes),2011,2368.0,
Detailed trade matrix,Zambia,South Africa,Soybeans,Import Quantity (tonnes),2011,40.0,
Detailed trade matrix,Zambia,United Kingdom,Soybeans,Import Quantity (tonnes),2011,0.0,
Detailed trade matrix,Zimbabwe,China,Soybeans,Import Quantity (tonnes),2011,1.0,
Detailed trade matrix,Zimbabwe,"China, mainland",Soybeans,Import Quantity (tonnes),2011,1.0,
Detailed trade matrix,Zimbabwe,Malawi,Soybeans,Import Quantity (tonnes),2011,2715.0,
Detailed trade matrix,Zimbabwe,South Africa,Soybeans,Import Quantity (tonnes),2011,5.0,
Detailed trade matrix,Zimbabwe,United Arab Emirates,Soybeans,Import Quantity (tonnes),2011,0.0,
Detailed trade matrix,Zimbabwe,Zambia,Soybeans,Import Quantity (tonnes),2011,538.0,
